DATE,TIME,(kW)
1/1/2024,0:00,747
1/1/2024,1:00,752
1/1/2024,2:00,766
1/1/2024,3:00,786
1/1/2024,4:00,799
1/1/2024,5:00,797
1/1/2024,6:00,780
1/1/2024,7:00,766
1/1/2024,8:00,771
1/1/2024,9:00,762
1/1/2024,10:00,745
1/1/2024,11:00,731
1/1/2024,12:00,717
1/1/2024,13:00,700
1/1/2024,14:00,702
1/1/2024,15:00,725
1/1/2024,16:00,778
1/1/2024,17:00,844
1/1/2024,18:00,845
1/1/2024,19:00,843
1/1/2024,20:00,837
1/1/2024,21:00,821
1/1/2024,22:00,790
1/1/2024,23:00,796
1/2/2024,0:00,775
1/2/2024,1:00,788
1/2/2024,2:00,812
1/2/2024,3:00,829
1/2/2024,4:00,840
1/2/2024,5:00,845
1/2/2024,6:00,846
1/2/2024,7:00,853
1/2/2024,8:00,872
1/2/2024,9:00,858
1/2/2024,10:00,816
1/2/2024,11:00,788
1/2/2024,12:00,769
1/2/2024,13:00,756
1/2/2024,14:00,746
1/2/2024,15:00,755
1/2/2024,16:00,822
1/2/2024,17:00,872
1/2/2024,18:00,874
1/2/2024,19:00,871
1/2/2024,20:00,858
1/2/2024,21:00,828
1/2/2024,22:00,789
1/2/2024,23:00,781
1/3/2024,0:00,747
1/3/2024,1:00,755
1/3/2024,2:00,776
1/3/2024,3:00,792
1/3/2024,4:00,803
1/3/2024,5:00,798
1/3/2024,6:00,789
1/3/2024,7:00,795
1/3/2024,8:00,827
1/3/2024,9:00,838
1/3/2024,10:00,809
1/3/2024,11:00,789
1/3/2024,12:00,784
1/3/2024,13:00,774
1/3/2024,14:00,767
1/3/2024,15:00,782
1/3/2024,16:00,838
1/3/2024,17:00,883
1/3/2024,18:00,880
1/3/2024,19:00,865
1/3/2024,20:00,846
1/3/2024,21:00,814
1/3/2024,22:00,766
1/3/2024,23:00,753
1/4/2024,0:00,724
1/4/2024,1:00,740
1/4/2024,2:00,766
1/4/2024,3:00,789
1/4/2024,4:00,809
1/4/2024,5:00,824
1/4/2024,6:00,846
1/4/2024,7:00,872
1/4/2024,8:00,930
1/4/2024,9:00,929
1/4/2024,10:00,902
1/4/2024,11:00,880
1/4/2024,12:00,850
1/4/2024,13:00,843
1/4/2024,14:00,836
1/4/2024,15:00,846
1/4/2024,16:00,919
1/4/2024,17:00,967
1/4/2024,18:00,968
1/4/2024,19:00,952
1/4/2024,20:00,927
1/4/2024,21:00,884
1/4/2024,22:00,830
1/4/2024,23:00,819
1/5/2024,0:00,798
1/5/2024,1:00,815
1/5/2024,2:00,841
1/5/2024,3:00,862
1/5/2024,4:00,882
1/5/2024,5:00,920
1/5/2024,6:00,966
1/5/2024,7:00,994
1/5/2024,8:00,1058
1/5/2024,9:00,1056
1/5/2024,10:00,1006
1/5/2024,11:00,976
1/5/2024,12:00,928
1/5/2024,13:00,940
1/5/2024,14:00,937
1/5/2024,15:00,946
1/5/2024,16:00,1004
1/5/2024,17:00,1009
1/5/2024,18:00,991
1/5/2024,19:00,955
1/5/2024,20:00,915
1/5/2024,21:00,869
1/5/2024,22:00,824
1/5/2024,23:00,801
1/6/2024,0:00,766
1/6/2024,1:00,777
1/6/2024,2:00,801
1/6/2024,3:00,824
1/6/2024,4:00,838
1/6/2024,5:00,851
1/6/2024,6:00,850
1/6/2024,7:00,866
1/6/2024,8:00,930
1/6/2024,9:00,954
1/6/2024,10:00,938
1/6/2024,11:00,941
1/6/2024,12:00,916
1/6/2024,13:00,910
1/6/2024,14:00,911
1/6/2024,15:00,915
1/6/2024,16:00,962
1/6/2024,17:00,976
1/6/2024,18:00,965
1/6/2024,19:00,942
1/6/2024,20:00,912
1/6/2024,21:00,875
1/6/2024,22:00,832
1/6/2024,23:00,821
1/7/2024,0:00,802
1/7/2024,1:00,818
1/7/2024,2:00,849
1/7/2024,3:00,869
1/7/2024,4:00,886
1/7/2024,5:00,903
1/7/2024,6:00,895
1/7/2024,7:00,894
1/7/2024,8:00,913
1/7/2024,9:00,932
1/7/2024,10:00,902
1/7/2024,11:00,893
1/7/2024,12:00,886
1/7/2024,13:00,871
1/7/2024,14:00,866
1/7/2024,15:00,908
1/7/2024,16:00,975
1/7/2024,17:00,1059
1/7/2024,18:00,1076
1/7/2024,19:00,1057
1/7/2024,20:00,1032
1/7/2024,21:00,983
1/7/2024,22:00,940
1/7/2024,23:00,946
1/8/2024,0:00,926
1/8/2024,1:00,941
1/8/2024,2:00,954
1/8/2024,3:00,965
1/8/2024,4:00,984
1/8/2024,5:00,1009
1/8/2024,6:00,1033
1/8/2024,7:00,1047
1/8/2024,8:00,1090
1/8/2024,9:00,1120
1/8/2024,10:00,1096
1/8/2024,11:00,1078
1/8/2024,12:00,1043
1/8/2024,13:00,1041
1/8/2024,14:00,1032
1/8/2024,15:00,1071
1/8/2024,16:00,1127
1/8/2024,17:00,1184
1/8/2024,18:00,1188
1/8/2024,19:00,1156
1/8/2024,20:00,1117
1/8/2024,21:00,1068
1/8/2024,22:00,990
1/8/2024,23:00,963
1/9/2024,0:00,934
1/9/2024,1:00,947
1/9/2024,2:00,968
1/9/2024,3:00,989
1/9/2024,4:00,1013
1/9/2024,5:00,1060
1/9/2024,6:00,1127
1/9/2024,7:00,1152
1/9/2024,8:00,1218
1/9/2024,9:00,1227
1/9/2024,10:00,1175
1/9/2024,11:00,1149
1/9/2024,12:00,1090
1/9/2024,13:00,1123
1/9/2024,14:00,1133
1/9/2024,15:00,1143
1/9/2024,16:00,1180
1/9/2024,17:00,1173
1/9/2024,18:00,1160
1/9/2024,19:00,1112
1/9/2024,20:00,1075
1/9/2024,21:00,1024
1/9/2024,22:00,960
1/9/2024,23:00,935
1/10/2024,0:00,909
1/10/2024,1:00,920
1/10/2024,2:00,951
1/10/2024,3:00,976
1/10/2024,4:00,998
1/10/2024,5:00,1036
1/10/2024,6:00,1094
1/10/2024,7:00,1128
1/10/2024,8:00,1213
1/10/2024,9:00,1226
1/10/2024,10:00,1213
1/10/2024,11:00,1193
1/10/2024,12:00,1135
1/10/2024,13:00,1163
1/10/2024,14:00,1165
1/10/2024,15:00,1184
1/10/2024,16:00,1241
1/10/2024,17:00,1249
1/10/2024,18:00,1233
1/10/2024,19:00,1190
1/10/2024,20:00,1151
1/10/2024,21:00,1101
1/10/2024,22:00,1031
1/10/2024,23:00,1011
1/11/2024,0:00,987
1/11/2024,1:00,998
1/11/2024,2:00,1021
1/11/2024,3:00,1032
1/11/2024,4:00,1057
1/11/2024,5:00,1101
1/11/2024,6:00,1172
1/11/2024,7:00,1201
1/11/2024,8:00,1267
1/11/2024,9:00,1288
1/11/2024,10:00,1229
1/11/2024,11:00,1197
1/11/2024,12:00,1118
1/11/2024,13:00,1132
1/11/2024,14:00,1109
1/11/2024,15:00,1121
1/11/2024,16:00,1190
1/11/2024,17:00,1236
1/11/2024,18:00,1240
1/11/2024,19:00,1202
1/11/2024,20:00,1167
1/11/2024,21:00,1115
1/11/2024,22:00,1046
1/11/2024,23:00,1027
1/12/2024,0:00,995
1/12/2024,1:00,1001
1/12/2024,2:00,1018
1/12/2024,3:00,1028
1/12/2024,4:00,1047
1/12/2024,5:00,1087
1/12/2024,6:00,1150
1/12/2024,7:00,1173
1/12/2024,8:00,1251
1/12/2024,9:00,1283
1/12/2024,10:00,1236
1/12/2024,11:00,1218
1/12/2024,12:00,1154
1/12/2024,13:00,1177
1/12/2024,14:00,1179
1/12/2024,15:00,1186
1/12/2024,16:00,1231
1/12/2024,17:00,1230
1/12/2024,18:00,1222
1/12/2024,19:00,1176
1/12/2024,20:00,1139
1/12/2024,21:00,1089
1/12/2024,22:00,1035
1/12/2024,23:00,1011
1/13/2024,0:00,987
1/13/2024,1:00,989
1/13/2024,2:00,999
1/13/2024,3:00,1009
1/13/2024,4:00,1017
1/13/2024,5:00,1031
1/13/2024,6:00,1048
1/13/2024,7:00,1067
1/13/2024,8:00,1118
1/13/2024,9:00,1129
1/13/2024,10:00,1109
1/13/2024,11:00,1086
1/13/2024,12:00,1048
1/13/2024,13:00,1041
1/13/2024,14:00,1038
1/13/2024,15:00,1076
1/13/2024,16:00,1119
1/13/2024,17:00,1180
1/13/2024,18:00,1173
1/13/2024,19:00,1145
1/13/2024,20:00,1110
1/13/2024,21:00,1060
1/13/2024,22:00,1004
1/13/2024,23:00,983
1/14/2024,0:00,955
1/14/2024,1:00,961
1/14/2024,2:00,971
1/14/2024,3:00,974
1/14/2024,4:00,972
1/14/2024,5:00,971
1/14/2024,6:00,974
1/14/2024,7:00,984
1/14/2024,8:00,987
1/14/2024,9:00,979
1/14/2024,10:00,947
1/14/2024,11:00,923
1/14/2024,12:00,903
1/14/2024,13:00,881
1/14/2024,14:00,870
1/14/2024,15:00,890
1/14/2024,16:00,956
1/14/2024,17:00,1041
1/14/2024,18:00,1058
1/14/2024,19:00,1047
1/14/2024,20:00,1022
1/14/2024,21:00,976
1/14/2024,22:00,909
1/14/2024,23:00,896
1/15/2024,0:00,875
1/15/2024,1:00,891
1/15/2024,2:00,917
1/15/2024,3:00,946
1/15/2024,4:00,986
1/15/2024,5:00,1055
1/15/2024,6:00,1123
1/15/2024,7:00,1167
1/15/2024,8:00,1271
1/15/2024,9:00,1304
1/15/2024,10:00,1281
1/15/2024,11:00,1272
1/15/2024,12:00,1225
1/15/2024,13:00,1254
1/15/2024,14:00,1256
1/15/2024,15:00,1290
1/15/2024,16:00,1333
1/15/2024,17:00,1362
1/15/2024,18:00,1349
1/15/2024,19:00,1309
1/15/2024,20:00,1261
1/15/2024,21:00,1205
1/15/2024,22:00,1128
1/15/2024,23:00,1109
1/16/2024,0:00,1067
1/16/2024,1:00,1083
1/16/2024,2:00,1101
1/16/2024,3:00,1113
1/16/2024,4:00,1141
1/16/2024,5:00,1195
1/16/2024,6:00,1270
1/16/2024,7:00,1298
1/16/2024,8:00,1371
1/16/2024,9:00,1423
1/16/2024,10:00,1391
1/16/2024,11:00,1370
1/16/2024,12:00,1301
1/16/2024,13:00,1334
1/16/2024,14:00,1333
1/16/2024,15:00,1354
1/16/2024,16:00,1368
1/16/2024,17:00,1376
1/16/2024,18:00,1349
1/16/2024,19:00,1305
1/16/2024,20:00,1239
1/16/2024,21:00,1173
1/16/2024,22:00,1084
1/16/2024,23:00,1046
1/17/2024,0:00,997
1/17/2024,1:00,1001
1/17/2024,2:00,1013
1/17/2024,3:00,1023
1/17/2024,4:00,1032
1/17/2024,5:00,1077
1/17/2024,6:00,1135
1/17/2024,7:00,1158
1/17/2024,8:00,1219
1/17/2024,9:00,1218
1/17/2024,10:00,1172
1/17/2024,11:00,1142
1/17/2024,12:00,1071
1/17/2024,13:00,1093
1/17/2024,14:00,1081
1/17/2024,15:00,1081
1/17/2024,16:00,1136
1/17/2024,17:00,1170
1/17/2024,18:00,1166
1/17/2024,19:00,1143
1/17/2024,20:00,1110
1/17/2024,21:00,1057
1/17/2024,22:00,993
1/17/2024,23:00,973
1/18/2024,0:00,945
1/18/2024,1:00,947
1/18/2024,2:00,966
1/18/2024,3:00,983
1/18/2024,4:00,997
1/18/2024,5:00,1033
1/18/2024,6:00,1084
1/18/2024,7:00,1118
1/18/2024,8:00,1212
1/18/2024,9:00,1236
1/18/2024,10:00,1192
1/18/2024,11:00,1161
1/18/2024,12:00,1097
1/18/2024,13:00,1121
1/18/2024,14:00,1111
1/18/2024,15:00,1116
1/18/2024,16:00,1152
1/18/2024,17:00,1156
1/18/2024,18:00,1140
1/18/2024,19:00,1101
1/18/2024,20:00,1058
1/18/2024,21:00,1004
1/18/2024,22:00,943
1/18/2024,23:00,918
1/19/2024,0:00,884
1/19/2024,1:00,896
1/19/2024,2:00,927
1/19/2024,3:00,951
1/19/2024,4:00,972
1/19/2024,5:00,1011
1/19/2024,6:00,1060
1/19/2024,7:00,1088
1/19/2024,8:00,1168
1/19/2024,9:00,1193
1/19/2024,10:00,1159
1/19/2024,11:00,1140
1/19/2024,12:00,1082
1/19/2024,13:00,1104
1/19/2024,14:00,1103
1/19/2024,15:00,1107
1/19/2024,16:00,1151
1/19/2024,17:00,1164
1/19/2024,18:00,1150
1/19/2024,19:00,1118
1/19/2024,20:00,1080
1/19/2024,21:00,1030
1/19/2024,22:00,979
1/19/2024,23:00,961
1/20/2024,0:00,929
1/20/2024,1:00,937
1/20/2024,2:00,956
1/20/2024,3:00,967
1/20/2024,4:00,976
1/20/2024,5:00,986
1/20/2024,6:00,1000
1/20/2024,7:00,1013
1/20/2024,8:00,1052
1/20/2024,9:00,1046
1/20/2024,10:00,1007
1/20/2024,11:00,972
1/20/2024,12:00,930
1/20/2024,13:00,925
1/20/2024,14:00,919
1/20/2024,15:00,928
1/20/2024,16:00,984
1/20/2024,17:00,1039
1/20/2024,18:00,1039
1/20/2024,19:00,1014
1/20/2024,20:00,983
1/20/2024,21:00,941
1/20/2024,22:00,895
1/20/2024,23:00,886
1/21/2024,0:00,860
1/21/2024,1:00,869
1/21/2024,2:00,892
1/21/2024,3:00,904
1/21/2024,4:00,910
1/21/2024,5:00,906
1/21/2024,6:00,895
1/21/2024,7:00,910
1/21/2024,8:00,961
1/21/2024,9:00,999
1/21/2024,10:00,993
1/21/2024,11:00,980
1/21/2024,12:00,965
1/21/2024,13:00,951
1/21/2024,14:00,938
1/21/2024,15:00,942
1/21/2024,16:00,980
1/21/2024,17:00,1022
1/21/2024,18:00,1025
1/21/2024,19:00,995
1/21/2024,20:00,958
1/21/2024,21:00,908
1/21/2024,22:00,847
1/21/2024,23:00,825
1/22/2024,0:00,805
1/22/2024,1:00,823
1/22/2024,2:00,850
1/22/2024,3:00,878
1/22/2024,4:00,903
1/22/2024,5:00,942
1/22/2024,6:00,988
1/22/2024,7:00,1020
1/22/2024,8:00,1113
1/22/2024,9:00,1149
1/22/2024,10:00,1118
1/22/2024,11:00,1105
1/22/2024,12:00,1051
1/22/2024,13:00,1089
1/22/2024,14:00,1092
1/22/2024,15:00,1099
1/22/2024,16:00,1128
1/22/2024,17:00,1120
1/22/2024,18:00,1102
1/22/2024,19:00,1060
1/22/2024,20:00,1014
1/22/2024,21:00,955
1/22/2024,22:00,895
1/22/2024,23:00,865
1/23/2024,0:00,830
1/23/2024,1:00,848
1/23/2024,2:00,879
1/23/2024,3:00,910
1/23/2024,4:00,937
1/23/2024,5:00,979
1/23/2024,6:00,1027
1/23/2024,7:00,1051
1/23/2024,8:00,1132
1/23/2024,9:00,1160
1/23/2024,10:00,1135
1/23/2024,11:00,1121
1/23/2024,12:00,1081
1/23/2024,13:00,1115
1/23/2024,14:00,1125
1/23/2024,15:00,1143
1/23/2024,16:00,1179
1/23/2024,17:00,1209
1/23/2024,18:00,1204
1/23/2024,19:00,1172
1/23/2024,20:00,1141
1/23/2024,21:00,1094
1/23/2024,22:00,1050
1/23/2024,23:00,1030
1/24/2024,0:00,999
1/24/2024,1:00,1009
1/24/2024,2:00,1036
1/24/2024,3:00,1051
1/24/2024,4:00,1070
1/24/2024,5:00,1115
1/24/2024,6:00,1171
1/24/2024,7:00,1193
1/24/2024,8:00,1281
1/24/2024,9:00,1322
1/24/2024,10:00,1310
1/24/2024,11:00,1285
1/24/2024,12:00,1230
1/24/2024,13:00,1263
1/24/2024,14:00,1248
1/24/2024,15:00,1268
1/24/2024,16:00,1286
1/24/2024,17:00,1308
1/24/2024,18:00,1304
1/24/2024,19:00,1264
1/24/2024,20:00,1223
1/24/2024,21:00,1167
1/24/2024,22:00,1098
1/24/2024,23:00,1071
1/25/2024,0:00,1033
1/25/2024,1:00,1049
1/25/2024,2:00,1070
1/25/2024,3:00,1085
1/25/2024,4:00,1108
1/25/2024,5:00,1168
1/25/2024,6:00,1229
1/25/2024,7:00,1236
1/25/2024,8:00,1321
1/25/2024,9:00,1366
1/25/2024,10:00,1340
1/25/2024,11:00,1319
1/25/2024,12:00,1250
1/25/2024,13:00,1275
1/25/2024,14:00,1267
1/25/2024,15:00,1292
1/25/2024,16:00,1314
1/25/2024,17:00,1344
1/25/2024,18:00,1328
1/25/2024,19:00,1279
1/25/2024,20:00,1234
1/25/2024,21:00,1175
1/25/2024,22:00,1105
1/25/2024,23:00,1076
1/26/2024,0:00,1033
1/26/2024,1:00,1038
1/26/2024,2:00,1051
1/26/2024,3:00,1062
1/26/2024,4:00,1075
1/26/2024,5:00,1115
1/26/2024,6:00,1179
1/26/2024,7:00,1195
1/26/2024,8:00,1271
1/26/2024,9:00,1300
1/26/2024,10:00,1262
1/26/2024,11:00,1237
1/26/2024,12:00,1175
1/26/2024,13:00,1200
1/26/2024,14:00,1197
1/26/2024,15:00,1209
1/26/2024,16:00,1231
1/26/2024,17:00,1241
1/26/2024,18:00,1220
1/26/2024,19:00,1177
1/26/2024,20:00,1137
1/26/2024,21:00,1083
1/26/2024,22:00,1019
1/26/2024,23:00,1000
1/27/2024,0:00,967
1/27/2024,1:00,976
1/27/2024,2:00,986
1/27/2024,3:00,993
1/27/2024,4:00,992
1/27/2024,5:00,997
1/27/2024,6:00,1015
1/27/2024,7:00,1026
1/27/2024,8:00,1057
1/27/2024,9:00,1059
1/27/2024,10:00,1035
1/27/2024,11:00,1018
1/27/2024,12:00,984
1/27/2024,13:00,976
1/27/2024,14:00,956
1/27/2024,15:00,963
1/27/2024,16:00,1011
1/27/2024,17:00,1082
1/27/2024,18:00,1089
1/27/2024,19:00,1068
1/27/2024,20:00,1038
1/27/2024,21:00,997
1/27/2024,22:00,945
1/27/2024,23:00,938
1/28/2024,0:00,916
1/28/2024,1:00,924
1/28/2024,2:00,946
1/28/2024,3:00,964
1/28/2024,4:00,965
1/28/2024,5:00,967
1/28/2024,6:00,975
1/28/2024,7:00,968
1/28/2024,8:00,973
1/28/2024,9:00,963
1/28/2024,10:00,936
1/28/2024,11:00,918
1/28/2024,12:00,896
1/28/2024,13:00,893
1/28/2024,14:00,881
1/28/2024,15:00,897
1/28/2024,16:00,952
1/28/2024,17:00,1041
1/28/2024,18:00,1060
1/28/2024,19:00,1051
1/28/2024,20:00,1027
1/28/2024,21:00,985
1/28/2024,22:00,919
1/28/2024,23:00,908
1/29/2024,0:00,886
1/29/2024,1:00,907
1/29/2024,2:00,935
1/29/2024,3:00,957
1/29/2024,4:00,979
1/29/2024,5:00,1037
1/29/2024,6:00,1112
1/29/2024,7:00,1134
1/29/2024,8:00,1199
1/29/2024,9:00,1218
1/29/2024,10:00,1176
1/29/2024,11:00,1146
1/29/2024,12:00,1081
1/29/2024,13:00,1095
1/29/2024,14:00,1091
1/29/2024,15:00,1097
1/29/2024,16:00,1139
1/29/2024,17:00,1169
1/29/2024,18:00,1167
1/29/2024,19:00,1136
1/29/2024,20:00,1098
1/29/2024,21:00,1044
1/29/2024,22:00,983
1/29/2024,23:00,960
1/30/2024,0:00,933
1/30/2024,1:00,953
1/30/2024,2:00,979
1/30/2024,3:00,994
1/30/2024,4:00,1012
1/30/2024,5:00,1068
1/30/2024,6:00,1136
1/30/2024,7:00,1141
1/30/2024,8:00,1189
1/30/2024,9:00,1197
1/30/2024,10:00,1149
1/30/2024,11:00,1115
1/30/2024,12:00,1053
1/30/2024,13:00,1076
1/30/2024,14:00,1069
1/30/2024,15:00,1068
1/30/2024,16:00,1102
1/30/2024,17:00,1149
1/30/2024,18:00,1152
1/30/2024,19:00,1128
1/30/2024,20:00,1094
1/30/2024,21:00,1043
1/30/2024,22:00,986
1/30/2024,23:00,971
1/31/2024,0:00,947
1/31/2024,1:00,962
1/31/2024,2:00,988
1/31/2024,3:00,1001
1/31/2024,4:00,1022
1/31/2024,5:00,1065
1/31/2024,6:00,1125
1/31/2024,7:00,1140
1/31/2024,8:00,1194
1/31/2024,9:00,1206
1/31/2024,10:00,1170
1/31/2024,11:00,1126
1/31/2024,12:00,1043
1/31/2024,13:00,1046
1/31/2024,14:00,1036
1/31/2024,15:00,1031
1/31/2024,16:00,1066
1/31/2024,17:00,1096
1/31/2024,18:00,1095
1/31/2024,19:00,1075
1/31/2024,20:00,1042
1/31/2024,21:00,986
1/31/2024,22:00,927
1/31/2024,23:00,902
2/1/2024,0:00,870
2/1/2024,1:00,884
2/1/2024,2:00,907
2/1/2024,3:00,928
2/1/2024,4:00,947
2/1/2024,5:00,981
2/1/2024,6:00,1026
2/1/2024,7:00,1056
2/1/2024,8:00,1125
2/1/2024,9:00,1166
2/1/2024,10:00,1154
2/1/2024,11:00,1147
2/1/2024,12:00,1099
2/1/2024,13:00,1148
2/1/2024,14:00,1159
2/1/2024,15:00,1199
2/1/2024,16:00,1241
2/1/2024,17:00,1290
2/1/2024,18:00,1289
2/1/2024,19:00,1246
2/1/2024,20:00,1202
2/1/2024,21:00,1143
2/1/2024,22:00,1076
2/1/2024,23:00,1047
2/2/2024,0:00,1017
2/2/2024,1:00,1024
2/2/2024,2:00,1040
2/2/2024,3:00,1044
2/2/2024,4:00,1057
2/2/2024,5:00,1093
2/2/2024,6:00,1162
2/2/2024,7:00,1191
2/2/2024,8:00,1266
2/2/2024,9:00,1278
2/2/2024,10:00,1244
2/2/2024,11:00,1210
2/2/2024,12:00,1152
2/2/2024,13:00,1179
2/2/2024,14:00,1180
2/2/2024,15:00,1196
2/2/2024,16:00,1241
2/2/2024,17:00,1269
2/2/2024,18:00,1255
2/2/2024,19:00,1217
2/2/2024,20:00,1175
2/2/2024,21:00,1119
2/2/2024,22:00,1046
2/2/2024,23:00,1026
2/3/2024,0:00,985
2/3/2024,1:00,985
2/3/2024,2:00,1001
2/3/2024,3:00,1005
2/3/2024,4:00,1007
2/3/2024,5:00,1011
2/3/2024,6:00,1029
2/3/2024,7:00,1034
2/3/2024,8:00,1068
2/3/2024,9:00,1074
2/3/2024,10:00,1039
2/3/2024,11:00,1013
2/3/2024,12:00,973
2/3/2024,13:00,970
2/3/2024,14:00,963
2/3/2024,15:00,973
2/3/2024,16:00,1024
2/3/2024,17:00,1083
2/3/2024,18:00,1093
2/3/2024,19:00,1075
2/3/2024,20:00,1045
2/3/2024,21:00,1005
2/3/2024,22:00,954
2/3/2024,23:00,945
2/4/2024,0:00,913
2/4/2024,1:00,919
2/4/2024,2:00,937
2/4/2024,3:00,945
2/4/2024,4:00,944
2/4/2024,5:00,933
2/4/2024,6:00,938
2/4/2024,7:00,943
2/4/2024,8:00,964
2/4/2024,9:00,953
2/4/2024,10:00,919
2/4/2024,11:00,897
2/4/2024,12:00,882
2/4/2024,13:00,860
2/4/2024,14:00,856
2/4/2024,15:00,879
2/4/2024,16:00,942
2/4/2024,17:00,1028
2/4/2024,18:00,1048
2/4/2024,19:00,1036
2/4/2024,20:00,1009
2/4/2024,21:00,963
2/4/2024,22:00,893
2/4/2024,23:00,884
2/5/2024,0:00,867
2/5/2024,1:00,888
2/5/2024,2:00,915
2/5/2024,3:00,935
2/5/2024,4:00,957
2/5/2024,5:00,998
2/5/2024,6:00,1069
2/5/2024,7:00,1119
2/5/2024,8:00,1215
2/5/2024,9:00,1258
2/5/2024,10:00,1243
2/5/2024,11:00,1237
2/5/2024,12:00,1200
2/5/2024,13:00,1241
2/5/2024,14:00,1239
2/5/2024,15:00,1267
2/5/2024,16:00,1287
2/5/2024,17:00,1318
2/5/2024,18:00,1313
2/5/2024,19:00,1278
2/5/2024,20:00,1232
2/5/2024,21:00,1165
2/5/2024,22:00,1083
2/5/2024,23:00,1047
2/6/2024,0:00,1007
2/6/2024,1:00,1013
2/6/2024,2:00,1029
2/6/2024,3:00,1046
2/6/2024,4:00,1070
2/6/2024,5:00,1118
2/6/2024,6:00,1187
2/6/2024,7:00,1209
2/6/2024,8:00,1303
2/6/2024,9:00,1333
2/6/2024,10:00,1295
2/6/2024,11:00,1268
2/6/2024,12:00,1192
2/6/2024,13:00,1214
2/6/2024,14:00,1206
2/6/2024,15:00,1203
2/6/2024,16:00,1231
2/6/2024,17:00,1256
2/6/2024,18:00,1250
2/6/2024,19:00,1215
2/6/2024,20:00,1177
2/6/2024,21:00,1117
2/6/2024,22:00,1043
2/6/2024,23:00,1023
2/7/2024,0:00,992
2/7/2024,1:00,1006
2/7/2024,2:00,1034
2/7/2024,3:00,1050
2/7/2024,4:00,1073
2/7/2024,5:00,1119
2/7/2024,6:00,1196
2/7/2024,7:00,1208
2/7/2024,8:00,1260
2/7/2024,9:00,1263
2/7/2024,10:00,1212
2/7/2024,11:00,1183
2/7/2024,12:00,1120
2/7/2024,13:00,1140
2/7/2024,14:00,1135
2/7/2024,15:00,1141
2/7/2024,16:00,1181
2/7/2024,17:00,1209
2/7/2024,18:00,1210
2/7/2024,19:00,1181
2/7/2024,20:00,1145
2/7/2024,21:00,1090
2/7/2024,22:00,1018
2/7/2024,23:00,995
2/8/2024,0:00,964
2/8/2024,1:00,977
2/8/2024,2:00,999
2/8/2024,3:00,1015
2/8/2024,4:00,1031
2/8/2024,5:00,1071
2/8/2024,6:00,1135
2/8/2024,7:00,1148
2/8/2024,8:00,1218
2/8/2024,9:00,1224
2/8/2024,10:00,1191
2/8/2024,11:00,1169
2/8/2024,12:00,1106
2/8/2024,13:00,1135
2/8/2024,14:00,1132
2/8/2024,15:00,1140
2/8/2024,16:00,1177
2/8/2024,17:00,1204
2/8/2024,18:00,1203
2/8/2024,19:00,1171
2/8/2024,20:00,1130
2/8/2024,21:00,1065
2/8/2024,22:00,995
2/8/2024,23:00,975
2/9/2024,0:00,937
2/9/2024,1:00,951
2/9/2024,2:00,976
2/9/2024,3:00,992
2/9/2024,4:00,1008
2/9/2024,5:00,1050
2/9/2024,6:00,1112
2/9/2024,7:00,1123
2/9/2024,8:00,1182
2/9/2024,9:00,1192
2/9/2024,10:00,1162
2/9/2024,11:00,1137
2/9/2024,12:00,1073
2/9/2024,13:00,1097
2/9/2024,14:00,1096
2/9/2024,15:00,1104
2/9/2024,16:00,1140
2/9/2024,17:00,1167
2/9/2024,18:00,1159
2/9/2024,19:00,1130
2/9/2024,20:00,1101
2/9/2024,21:00,1055
2/9/2024,22:00,1004
2/9/2024,23:00,993
2/10/2024,0:00,970
2/10/2024,1:00,980
2/10/2024,2:00,998
2/10/2024,3:00,1012
2/10/2024,4:00,1019
2/10/2024,5:00,1032
2/10/2024,6:00,1051
2/10/2024,7:00,1035
2/10/2024,8:00,1038
2/10/2024,9:00,1016
2/10/2024,10:00,966
2/10/2024,11:00,927
2/10/2024,12:00,897
2/10/2024,13:00,896
2/10/2024,14:00,894
2/10/2024,15:00,914
2/10/2024,16:00,962
2/10/2024,17:00,1024
2/10/2024,18:00,1031
2/10/2024,19:00,1015
2/10/2024,20:00,991
2/10/2024,21:00,957
2/10/2024,22:00,922
2/10/2024,23:00,913
2/11/2024,0:00,891
2/11/2024,1:00,909
2/11/2024,2:00,933
2/11/2024,3:00,945
2/11/2024,4:00,949
2/11/2024,5:00,945
2/11/2024,6:00,943
2/11/2024,7:00,931
2/11/2024,8:00,931
2/11/2024,9:00,923
2/11/2024,10:00,894
2/11/2024,11:00,883
2/11/2024,12:00,867
2/11/2024,13:00,856
2/11/2024,14:00,855
2/11/2024,15:00,873
2/11/2024,16:00,928
2/11/2024,17:00,1022
2/11/2024,18:00,1046
2/11/2024,19:00,1040
2/11/2024,20:00,1020
2/11/2024,21:00,988
2/11/2024,22:00,932
2/11/2024,23:00,925
2/12/2024,0:00,908
2/12/2024,1:00,921
2/12/2024,2:00,944
2/12/2024,3:00,963
2/12/2024,4:00,976
2/12/2024,5:00,1000
2/12/2024,6:00,1026
2/12/2024,7:00,1027
2/12/2024,8:00,1045
2/12/2024,9:00,1033
2/12/2024,10:00,996
2/12/2024,11:00,972
2/12/2024,12:00,940
2/12/2024,13:00,935
2/12/2024,14:00,929
2/12/2024,15:00,943
2/12/2024,16:00,997
2/12/2024,17:00,1070
2/12/2024,18:00,1097
2/12/2024,19:00,1080
2/12/2024,20:00,1059
2/12/2024,21:00,1020
2/12/2024,22:00,952
2/12/2024,23:00,944
2/13/2024,0:00,923
2/13/2024,1:00,947
2/13/2024,2:00,972
2/13/2024,3:00,987
2/13/2024,4:00,1012
2/13/2024,5:00,1053
2/13/2024,6:00,1112
2/13/2024,7:00,1112
2/13/2024,8:00,1162
2/13/2024,9:00,1151
2/13/2024,10:00,1105
2/13/2024,11:00,1068
2/13/2024,12:00,998
2/13/2024,13:00,1015
2/13/2024,14:00,1012
2/13/2024,15:00,1005
2/13/2024,16:00,1037
2/13/2024,17:00,1071
2/13/2024,18:00,1077
2/13/2024,19:00,1052
2/13/2024,20:00,1014
2/13/2024,21:00,967
2/13/2024,22:00,917
2/13/2024,23:00,895
2/14/2024,0:00,863
2/14/2024,1:00,878
2/14/2024,2:00,902
2/14/2024,3:00,921
2/14/2024,4:00,938
2/14/2024,5:00,966
2/14/2024,6:00,999
2/14/2024,7:00,990
2/14/2024,8:00,1035
2/14/2024,9:00,1045
2/14/2024,10:00,1017
2/14/2024,11:00,998
2/14/2024,12:00,945
2/14/2024,13:00,970
2/14/2024,14:00,969
2/14/2024,15:00,964
2/14/2024,16:00,990
2/14/2024,17:00,1015
2/14/2024,18:00,1010
2/14/2024,19:00,979
2/14/2024,20:00,945
2/14/2024,21:00,897
2/14/2024,22:00,852
2/14/2024,23:00,833
2/15/2024,0:00,801
2/15/2024,1:00,820
2/15/2024,2:00,849
2/15/2024,3:00,874
2/15/2024,4:00,896
2/15/2024,5:00,928
2/15/2024,6:00,955
2/15/2024,7:00,956
2/15/2024,8:00,1026
2/15/2024,9:00,1047
2/15/2024,10:00,1037
2/15/2024,11:00,1011
2/15/2024,12:00,966
2/15/2024,13:00,1002
2/15/2024,14:00,999
2/15/2024,15:00,997
2/15/2024,16:00,1012
2/15/2024,17:00,1026
2/15/2024,18:00,1015
2/15/2024,19:00,984
2/15/2024,20:00,949
2/15/2024,21:00,907
2/15/2024,22:00,862
2/15/2024,23:00,843
2/16/2024,0:00,824
2/16/2024,1:00,852
2/16/2024,2:00,899
2/16/2024,3:00,928
2/16/2024,4:00,960
2/16/2024,5:00,1000
2/16/2024,6:00,1043
2/16/2024,7:00,1056
2/16/2024,8:00,1124
2/16/2024,9:00,1154
2/16/2024,10:00,1125
2/16/2024,11:00,1107
2/16/2024,12:00,1055
2/16/2024,13:00,1081
2/16/2024,14:00,1089
2/16/2024,15:00,1091
2/16/2024,16:00,1123
2/16/2024,17:00,1157
2/16/2024,18:00,1152
2/16/2024,19:00,1124
2/16/2024,20:00,1092
2/16/2024,21:00,1042
2/16/2024,22:00,990
2/16/2024,23:00,977
2/17/2024,0:00,950
2/17/2024,1:00,958
2/17/2024,2:00,977
2/17/2024,3:00,989
2/17/2024,4:00,999
2/17/2024,5:00,1013
2/17/2024,6:00,1029
2/17/2024,7:00,1014
2/17/2024,8:00,1020
2/17/2024,9:00,999
2/17/2024,10:00,953
2/17/2024,11:00,920
2/17/2024,12:00,870
2/17/2024,13:00,860
2/17/2024,14:00,846
2/17/2024,15:00,847
2/17/2024,16:00,885
2/17/2024,17:00,953
2/17/2024,18:00,982
2/17/2024,19:00,973
2/17/2024,20:00,949
2/17/2024,21:00,914
2/17/2024,22:00,870
2/17/2024,23:00,866
2/18/2024,0:00,849
2/18/2024,1:00,860
2/18/2024,2:00,885
2/18/2024,3:00,902
2/18/2024,4:00,912
2/18/2024,5:00,916
2/18/2024,6:00,915
2/18/2024,7:00,881
2/18/2024,8:00,859
2/18/2024,9:00,837
2/18/2024,10:00,803
2/18/2024,11:00,779
2/18/2024,12:00,760
2/18/2024,13:00,736
2/18/2024,14:00,722
2/18/2024,15:00,722
2/18/2024,16:00,762
2/18/2024,17:00,845
2/18/2024,18:00,880
2/18/2024,19:00,872
2/18/2024,20:00,848
2/18/2024,21:00,811
2/18/2024,22:00,766
2/18/2024,23:00,755
2/19/2024,0:00,741
2/19/2024,1:00,761
2/19/2024,2:00,795
2/19/2024,3:00,823
2/19/2024,4:00,850
2/19/2024,5:00,890
2/19/2024,6:00,929
2/19/2024,7:00,923
2/19/2024,8:00,988
2/19/2024,9:00,1002
2/19/2024,10:00,980
2/19/2024,11:00,964
2/19/2024,12:00,911
2/19/2024,13:00,953
2/19/2024,14:00,953
2/19/2024,15:00,962
2/19/2024,16:00,979
2/19/2024,17:00,983
2/19/2024,18:00,971
2/19/2024,19:00,934
2/19/2024,20:00,894
2/19/2024,21:00,848
2/19/2024,22:00,808
2/19/2024,23:00,788
2/20/2024,0:00,759
2/20/2024,1:00,778
2/20/2024,2:00,804
2/20/2024,3:00,829
2/20/2024,4:00,845
2/20/2024,5:00,856
2/20/2024,6:00,880
2/20/2024,7:00,904
2/20/2024,8:00,996
2/20/2024,9:00,1040
2/20/2024,10:00,1039
2/20/2024,11:00,1029
2/20/2024,12:00,980
2/20/2024,13:00,1016
2/20/2024,14:00,1013
2/20/2024,15:00,1014
2/20/2024,16:00,1046
2/20/2024,17:00,1070
2/20/2024,18:00,1066
2/20/2024,19:00,1036
2/20/2024,20:00,1000
2/20/2024,21:00,950
2/20/2024,22:00,898
2/20/2024,23:00,879
2/21/2024,0:00,852
2/21/2024,1:00,878
2/21/2024,2:00,898
2/21/2024,3:00,917
2/21/2024,4:00,936
2/21/2024,5:00,969
2/21/2024,6:00,1028
2/21/2024,7:00,1070
2/21/2024,8:00,1182
2/21/2024,9:00,1238
2/21/2024,10:00,1231
2/21/2024,11:00,1232
2/21/2024,12:00,1173
2/21/2024,13:00,1212
2/21/2024,14:00,1209
2/21/2024,15:00,1211
2/21/2024,16:00,1239
2/21/2024,17:00,1241
2/21/2024,18:00,1237
2/21/2024,19:00,1200
2/21/2024,20:00,1163
2/21/2024,21:00,1104
2/21/2024,22:00,1039
2/21/2024,23:00,1007
2/22/2024,0:00,974
2/22/2024,1:00,982
2/22/2024,2:00,1003
2/22/2024,3:00,1020
2/22/2024,4:00,1043
2/22/2024,5:00,1104
2/22/2024,6:00,1172
2/22/2024,7:00,1196
2/22/2024,8:00,1300
2/22/2024,9:00,1337
2/22/2024,10:00,1306
2/22/2024,11:00,1284
2/22/2024,12:00,1218
2/22/2024,13:00,1232
2/22/2024,14:00,1214
2/22/2024,15:00,1207
2/22/2024,16:00,1221
2/22/2024,17:00,1231
2/22/2024,18:00,1228
2/22/2024,19:00,1189
2/22/2024,20:00,1143
2/22/2024,21:00,1087
2/22/2024,22:00,1027
2/22/2024,23:00,1008
2/23/2024,0:00,969
2/23/2024,1:00,974
2/23/2024,2:00,987
2/23/2024,3:00,996
2/23/2024,4:00,1000
2/23/2024,5:00,1008
2/23/2024,6:00,1030
2/23/2024,7:00,1051
2/23/2024,8:00,1124
2/23/2024,9:00,1155
2/23/2024,10:00,1128
2/23/2024,11:00,1105
2/23/2024,12:00,1069
2/23/2024,13:00,1059
2/23/2024,14:00,1050
2/23/2024,15:00,1048
2/23/2024,16:00,1074
2/23/2024,17:00,1123
2/23/2024,18:00,1144
2/23/2024,19:00,1119
2/23/2024,20:00,1094
2/23/2024,21:00,1057
2/23/2024,22:00,984
2/23/2024,23:00,968
2/24/2024,0:00,941
2/24/2024,1:00,943
2/24/2024,2:00,964
2/24/2024,3:00,970
2/24/2024,4:00,980
2/24/2024,5:00,989
2/24/2024,6:00,1006
2/24/2024,7:00,999
2/24/2024,8:00,1017
2/24/2024,9:00,1025
2/24/2024,10:00,996
2/24/2024,11:00,968
2/24/2024,12:00,933
2/24/2024,13:00,917
2/24/2024,14:00,906
2/24/2024,15:00,908
2/24/2024,16:00,958
2/24/2024,17:00,1032
2/24/2024,18:00,1064
2/24/2024,19:00,1050
2/24/2024,20:00,1024
2/24/2024,21:00,987
2/24/2024,22:00,944
2/24/2024,23:00,937
2/25/2024,0:00,915
2/25/2024,1:00,922
2/25/2024,2:00,939
2/25/2024,3:00,952
2/25/2024,4:00,957
2/25/2024,5:00,961
2/25/2024,6:00,962
2/25/2024,7:00,957
2/25/2024,8:00,981
2/25/2024,9:00,978
2/25/2024,10:00,951
2/25/2024,11:00,925
2/25/2024,12:00,910
2/25/2024,13:00,896
2/25/2024,14:00,900
2/25/2024,15:00,919
2/25/2024,16:00,968
2/25/2024,17:00,1043
2/25/2024,18:00,1061
2/25/2024,19:00,1052
2/25/2024,20:00,1029
2/25/2024,21:00,984
2/25/2024,22:00,918
2/25/2024,23:00,903
2/26/2024,0:00,878
2/26/2024,1:00,889
2/26/2024,2:00,913
2/26/2024,3:00,928
2/26/2024,4:00,955
2/26/2024,5:00,1001
2/26/2024,6:00,1066
2/26/2024,7:00,1085
2/26/2024,8:00,1167
2/26/2024,9:00,1192
2/26/2024,10:00,1159
2/26/2024,11:00,1136
2/26/2024,12:00,1067
2/26/2024,13:00,1093
2/26/2024,14:00,1087
2/26/2024,15:00,1090
2/26/2024,16:00,1126
2/26/2024,17:00,1161
2/26/2024,18:00,1173
2/26/2024,19:00,1144
2/26/2024,20:00,1103
2/26/2024,21:00,1049
2/26/2024,22:00,989
2/26/2024,23:00,967
2/27/2024,0:00,936
2/27/2024,1:00,954
2/27/2024,2:00,977
2/27/2024,3:00,990
2/27/2024,4:00,1008
2/27/2024,5:00,1044
2/27/2024,6:00,1099
2/27/2024,7:00,1113
2/27/2024,8:00,1201
2/27/2024,9:00,1247
2/27/2024,10:00,1231
2/27/2024,11:00,1209
2/27/2024,12:00,1142
2/27/2024,13:00,1158
2/27/2024,14:00,1147
2/27/2024,15:00,1138
2/27/2024,16:00,1154
2/27/2024,17:00,1179
2/27/2024,18:00,1183
2/27/2024,19:00,1148
2/27/2024,20:00,1104
2/27/2024,21:00,1046
2/27/2024,22:00,977
2/27/2024,23:00,955
2/28/2024,0:00,922
2/28/2024,1:00,930
2/28/2024,2:00,955
2/28/2024,3:00,968
2/28/2024,4:00,990
2/28/2024,5:00,1022
2/28/2024,6:00,1071
2/28/2024,7:00,1070
2/28/2024,8:00,1126
2/28/2024,9:00,1142
2/28/2024,10:00,1113
2/28/2024,11:00,1090
2/28/2024,12:00,1031
2/28/2024,13:00,1055
2/28/2024,14:00,1052
2/28/2024,15:00,1051
2/28/2024,16:00,1086
2/28/2024,17:00,1121
2/28/2024,18:00,1137
2/28/2024,19:00,1114
2/28/2024,20:00,1075
2/28/2024,21:00,1021
2/28/2024,22:00,963
2/28/2024,23:00,937
2/29/2024,0:00,914
2/29/2024,1:00,926
2/29/2024,2:00,949
2/29/2024,3:00,965
2/29/2024,4:00,981
2/29/2024,5:00,1019
2/29/2024,6:00,1073
2/29/2024,7:00,1069
2/29/2024,8:00,1108
2/29/2024,9:00,1114
2/29/2024,10:00,1075
2/29/2024,11:00,1049
2/29/2024,12:00,983
2/29/2024,13:00,1012
2/29/2024,14:00,1019
2/29/2024,15:00,1025
2/29/2024,16:00,1054
2/29/2024,17:00,1080
2/29/2024,18:00,1090
2/29/2024,19:00,1060
2/29/2024,20:00,1027
2/29/2024,21:00,973
2/29/2024,22:00,916
2/29/2024,23:00,899
3/1/2024,0:00,878
3/1/2024,1:00,893
3/1/2024,2:00,929
3/1/2024,3:00,953
3/1/2024,4:00,975
3/1/2024,5:00,1021
3/1/2024,6:00,1075
3/1/2024,7:00,1105
3/1/2024,8:00,1187
3/1/2024,9:00,1219
3/1/2024,10:00,1176
3/1/2024,11:00,1137
3/1/2024,12:00,1068
3/1/2024,13:00,1077
3/1/2024,14:00,1061
3/1/2024,15:00,1055
3/1/2024,16:00,1084
3/1/2024,17:00,1097
3/1/2024,18:00,1099
3/1/2024,19:00,1074
3/1/2024,20:00,1045
3/1/2024,21:00,1006
3/1/2024,22:00,967
3/1/2024,23:00,983
3/2/2024,0:00,968
3/2/2024,1:00,986
3/2/2024,2:00,1009
3/2/2024,3:00,1022
3/2/2024,4:00,1033
3/2/2024,5:00,1045
3/2/2024,6:00,1055
3/2/2024,7:00,1045
3/2/2024,8:00,1083
3/2/2024,9:00,1104
3/2/2024,10:00,1079
3/2/2024,11:00,1059
3/2/2024,12:00,1022
3/2/2024,13:00,1016
3/2/2024,14:00,1013
3/2/2024,15:00,1022
3/2/2024,16:00,1049
3/2/2024,17:00,1116
3/2/2024,18:00,1140
3/2/2024,19:00,1120
3/2/2024,20:00,1088
3/2/2024,21:00,1043
3/2/2024,22:00,985
3/2/2024,23:00,977
3/3/2024,0:00,942
3/3/2024,1:00,957
3/3/2024,2:00,972
3/3/2024,3:00,981
3/3/2024,4:00,987
3/3/2024,5:00,994
3/3/2024,6:00,1003
3/3/2024,7:00,970
3/3/2024,8:00,976
3/3/2024,9:00,985
3/3/2024,10:00,965
3/3/2024,11:00,944
3/3/2024,12:00,921
3/3/2024,13:00,904
3/3/2024,14:00,895
3/3/2024,15:00,913
3/3/2024,16:00,961
3/3/2024,17:00,1049
3/3/2024,18:00,1072
3/3/2024,19:00,1055
3/3/2024,20:00,1030
3/3/2024,21:00,990
3/3/2024,22:00,938
3/3/2024,23:00,923
3/4/2024,0:00,916
3/4/2024,1:00,942
3/4/2024,2:00,978
3/4/2024,3:00,1004
3/4/2024,4:00,1023
3/4/2024,5:00,1078
3/4/2024,6:00,1144
3/4/2024,7:00,1159
3/4/2024,8:00,1227
3/4/2024,9:00,1268
3/4/2024,10:00,1234
3/4/2024,11:00,1210
3/4/2024,12:00,1150
3/4/2024,13:00,1175
3/4/2024,14:00,1162
3/4/2024,15:00,1166
3/4/2024,16:00,1192
3/4/2024,17:00,1216
3/4/2024,18:00,1223
3/4/2024,19:00,1192
3/4/2024,20:00,1147
3/4/2024,21:00,1080
3/4/2024,22:00,1010
3/4/2024,23:00,993
3/5/2024,0:00,962
3/5/2024,1:00,971
3/5/2024,2:00,990
3/5/2024,3:00,1004
3/5/2024,4:00,1018
3/5/2024,5:00,1058
3/5/2024,6:00,1114
3/5/2024,7:00,1123
3/5/2024,8:00,1187
3/5/2024,9:00,1215
3/5/2024,10:00,1181
3/5/2024,11:00,1164
3/5/2024,12:00,1112
3/5/2024,13:00,1158
3/5/2024,14:00,1163
3/5/2024,15:00,1158
3/5/2024,16:00,1177
3/5/2024,17:00,1187
3/5/2024,18:00,1195
3/5/2024,19:00,1175
3/5/2024,20:00,1162
3/5/2024,21:00,1112
3/5/2024,22:00,1041
3/5/2024,23:00,1019
3/6/2024,0:00,992
3/6/2024,1:00,1000
3/6/2024,2:00,1010
3/6/2024,3:00,1021
3/6/2024,4:00,1032
3/6/2024,5:00,1076
3/6/2024,6:00,1132
3/6/2024,7:00,1159
3/6/2024,8:00,1247
3/6/2024,9:00,1278
3/6/2024,10:00,1262
3/6/2024,11:00,1230
3/6/2024,12:00,1165
3/6/2024,13:00,1190
3/6/2024,14:00,1181
3/6/2024,15:00,1169
3/6/2024,16:00,1189
3/6/2024,17:00,1192
3/6/2024,18:00,1193
3/6/2024,19:00,1165
3/6/2024,20:00,1124
3/6/2024,21:00,1059
3/6/2024,22:00,996
3/6/2024,23:00,973
3/7/2024,0:00,947
3/7/2024,1:00,952
3/7/2024,2:00,980
3/7/2024,3:00,992
3/7/2024,4:00,1006
3/7/2024,5:00,1052
3/7/2024,6:00,1097
3/7/2024,7:00,1098
3/7/2024,8:00,1159
3/7/2024,9:00,1174
3/7/2024,10:00,1143
3/7/2024,11:00,1115
3/7/2024,12:00,1046
3/7/2024,13:00,1068
3/7/2024,14:00,1062
3/7/2024,15:00,1057
3/7/2024,16:00,1091
3/7/2024,17:00,1126
3/7/2024,18:00,1149
3/7/2024,19:00,1128
3/7/2024,20:00,1097
3/7/2024,21:00,1044
3/7/2024,22:00,984
3/7/2024,23:00,965
3/8/2024,0:00,937
3/8/2024,1:00,946
3/8/2024,2:00,973
3/8/2024,3:00,996
3/8/2024,4:00,1014
3/8/2024,5:00,1059
3/8/2024,6:00,1115
3/8/2024,7:00,1136
3/8/2024,8:00,1215
3/8/2024,9:00,1241
3/8/2024,10:00,1199
3/8/2024,11:00,1165
3/8/2024,12:00,1098
3/8/2024,13:00,1107
3/8/2024,14:00,1090
3/8/2024,15:00,1069
3/8/2024,16:00,1098
3/8/2024,17:00,1114
3/8/2024,18:00,1137
3/8/2024,19:00,1117
3/8/2024,20:00,1088
3/8/2024,21:00,1039
3/8/2024,22:00,983
3/8/2024,23:00,971
3/9/2024,0:00,948
3/9/2024,1:00,958
3/9/2024,2:00,980
3/9/2024,3:00,989
3/9/2024,4:00,995
3/9/2024,5:00,1011
3/9/2024,6:00,1027
3/9/2024,7:00,1008
3/9/2024,8:00,1044
3/9/2024,9:00,1053
3/9/2024,10:00,1026
3/9/2024,11:00,1006
3/9/2024,12:00,972
3/9/2024,13:00,963
3/9/2024,14:00,949
3/9/2024,15:00,962
3/9/2024,16:00,981
3/9/2024,17:00,1048
3/9/2024,18:00,1085
3/9/2024,19:00,1076
3/9/2024,20:00,1057
3/9/2024,21:00,1020
3/9/2024,22:00,969
3/9/2024,23:00,970
3/10/2024,0:00,942
3/10/2024,1:00,950
3/10/2024,2:00,973
3/10/2024,3:00,978
3/10/2024,4:00,996
3/10/2024,5:00,1001
3/10/2024,6:00,1001
3/10/2024,7:00,966
3/10/2024,8:00,967
3/10/2024,9:00,967
3/10/2024,10:00,939
3/10/2024,11:00,917
3/10/2024,12:00,890
3/10/2024,13:00,874
3/10/2024,14:00,864
3/10/2024,15:00,870
3/10/2024,16:00,921
3/10/2024,17:00,1015
3/10/2024,18:00,1062
3/10/2024,19:00,1056
3/10/2024,20:00,1025
3/10/2024,21:00,982
3/10/2024,22:00,928
3/10/2024,23:00,911
3/11/2024,0:00,889
3/11/2024,1:00,903
3/11/2024,2:00,926
3/11/2024,3:00,941
3/11/2024,4:00,964
3/11/2024,5:00,1014
3/11/2024,6:00,1064
3/11/2024,7:00,1055
3/11/2024,8:00,1113
3/11/2024,9:00,1119
3/11/2024,10:00,1086
3/11/2024,11:00,1057
3/11/2024,12:00,996
3/11/2024,13:00,1019
3/11/2024,14:00,1016
3/11/2024,15:00,1013
3/11/2024,16:00,1043
3/11/2024,17:00,1065
3/11/2024,18:00,1086
3/11/2024,19:00,1063
3/11/2024,20:00,1030
3/11/2024,21:00,976
3/11/2024,22:00,922
3/11/2024,23:00,903
3/12/2024,0:00,879
3/12/2024,1:00,895
3/12/2024,2:00,923
3/12/2024,3:00,938
3/12/2024,4:00,956
3/12/2024,5:00,992
3/12/2024,6:00,1032
3/12/2024,7:00,1046
3/12/2024,8:00,1131
3/12/2024,9:00,1155
3/12/2024,10:00,1126
3/12/2024,11:00,1116
3/12/2024,12:00,1065
3/12/2024,13:00,1109
3/12/2024,14:00,1122
3/12/2024,15:00,1120
3/12/2024,16:00,1143
3/12/2024,17:00,1145
3/12/2024,18:00,1153
3/12/2024,19:00,1130
3/12/2024,20:00,1096
3/12/2024,21:00,1035
3/12/2024,22:00,973
3/12/2024,23:00,945
3/13/2024,0:00,913
3/13/2024,1:00,918
3/13/2024,2:00,939
3/13/2024,3:00,952
3/13/2024,4:00,963
3/13/2024,5:00,1006
3/13/2024,6:00,1048
3/13/2024,7:00,1043
3/13/2024,8:00,1119
3/13/2024,9:00,1142
3/13/2024,10:00,1117
3/13/2024,11:00,1099
3/13/2024,12:00,1043
3/13/2024,13:00,1073
3/13/2024,14:00,1076
3/13/2024,15:00,1073
3/13/2024,16:00,1103
3/13/2024,17:00,1124
3/13/2024,18:00,1145
3/13/2024,19:00,1123
3/13/2024,20:00,1088
3/13/2024,21:00,1032
3/13/2024,22:00,970
3/13/2024,23:00,950
3/14/2024,0:00,919
3/14/2024,1:00,930
3/14/2024,2:00,955
3/14/2024,3:00,967
3/14/2024,4:00,982
3/14/2024,5:00,1019
3/14/2024,6:00,1061
3/14/2024,7:00,1060
3/14/2024,8:00,1112
3/14/2024,9:00,1134
3/14/2024,10:00,1106
3/14/2024,11:00,1083
3/14/2024,12:00,1020
3/14/2024,13:00,1066
3/14/2024,14:00,1072
3/14/2024,15:00,1055
3/14/2024,16:00,1062
3/14/2024,17:00,1076
3/14/2024,18:00,1096
3/14/2024,19:00,1068
3/14/2024,20:00,1033
3/14/2024,21:00,975
3/14/2024,22:00,916
3/14/2024,23:00,887
3/15/2024,0:00,859
3/15/2024,1:00,871
3/15/2024,2:00,901
3/15/2024,3:00,922
3/15/2024,4:00,941
3/15/2024,5:00,979
3/15/2024,6:00,1004
3/15/2024,7:00,981
3/15/2024,8:00,1022
3/15/2024,9:00,1036
3/15/2024,10:00,1011
3/15/2024,11:00,997
3/15/2024,12:00,939
3/15/2024,13:00,968
3/15/2024,14:00,970
3/15/2024,15:00,958
3/15/2024,16:00,973
3/15/2024,17:00,987
3/15/2024,18:00,998
3/15/2024,19:00,969
3/15/2024,20:00,935
3/15/2024,21:00,885
3/15/2024,22:00,845
3/15/2024,23:00,823
3/16/2024,0:00,797
3/16/2024,1:00,809
3/16/2024,2:00,835
3/16/2024,3:00,857
3/16/2024,4:00,873
3/16/2024,5:00,885
3/16/2024,6:00,862
3/16/2024,7:00,818
3/16/2024,8:00,841
3/16/2024,9:00,857
3/16/2024,10:00,841
3/16/2024,11:00,824
3/16/2024,12:00,800
3/16/2024,13:00,789
3/16/2024,14:00,777
3/16/2024,15:00,771
3/16/2024,16:00,792
3/16/2024,17:00,846
3/16/2024,18:00,888
3/16/2024,19:00,885
3/16/2024,20:00,868
3/16/2024,21:00,839
3/16/2024,22:00,809
3/16/2024,23:00,808
3/17/2024,0:00,797
3/17/2024,1:00,812
3/17/2024,2:00,836
3/17/2024,3:00,852
3/17/2024,4:00,864
3/17/2024,5:00,870
3/17/2024,6:00,859
3/17/2024,7:00,819
3/17/2024,8:00,823
3/17/2024,9:00,817
3/17/2024,10:00,798
3/17/2024,11:00,786
3/17/2024,12:00,777
3/17/2024,13:00,768
3/17/2024,14:00,768
3/17/2024,15:00,776
3/17/2024,16:00,815
3/17/2024,17:00,874
3/17/2024,18:00,893
3/17/2024,19:00,888
3/17/2024,20:00,867
3/17/2024,21:00,835
3/17/2024,22:00,790
3/17/2024,23:00,780
3/18/2024,0:00,774
3/18/2024,1:00,797
3/18/2024,2:00,841
3/18/2024,3:00,879
3/18/2024,4:00,904
3/18/2024,5:00,951
3/18/2024,6:00,978
3/18/2024,7:00,993
3/18/2024,8:00,1081
3/18/2024,9:00,1119
3/18/2024,10:00,1114
3/18/2024,11:00,1109
3/18/2024,12:00,1056
3/18/2024,13:00,1092
3/18/2024,14:00,1085
3/18/2024,15:00,1097
3/18/2024,16:00,1125
3/18/2024,17:00,1147
3/18/2024,18:00,1173
3/18/2024,19:00,1146
3/18/2024,20:00,1103
3/18/2024,21:00,1048
3/18/2024,22:00,993
3/18/2024,23:00,964
3/19/2024,0:00,935
3/19/2024,1:00,947
3/19/2024,2:00,965
3/19/2024,3:00,970
3/19/2024,4:00,984
3/19/2024,5:00,1024
3/19/2024,6:00,1061
3/19/2024,7:00,1043
3/19/2024,8:00,1098
3/19/2024,9:00,1110
3/19/2024,10:00,1077
3/19/2024,11:00,1052
3/19/2024,12:00,991
3/19/2024,13:00,1012
3/19/2024,14:00,1002
3/19/2024,15:00,1000
3/19/2024,16:00,1035
3/19/2024,17:00,1051
3/19/2024,18:00,1068
3/19/2024,19:00,1044
3/19/2024,20:00,1016
3/19/2024,21:00,968
3/19/2024,22:00,919
3/19/2024,23:00,897
3/20/2024,0:00,879
3/20/2024,1:00,895
3/20/2024,2:00,917
3/20/2024,3:00,939
3/20/2024,4:00,948
3/20/2024,5:00,964
3/20/2024,6:00,971
3/20/2024,7:00,985
3/20/2024,8:00,1034
3/20/2024,9:00,1069
3/20/2024,10:00,1067
3/20/2024,11:00,1057
3/20/2024,12:00,1034
3/20/2024,13:00,1037
3/20/2024,14:00,1037
3/20/2024,15:00,1055
3/20/2024,16:00,1090
3/20/2024,17:00,1132
3/20/2024,18:00,1150
3/20/2024,19:00,1126
3/20/2024,20:00,1099
3/20/2024,21:00,1046
3/20/2024,22:00,992
3/20/2024,23:00,969
3/21/2024,0:00,939
3/21/2024,1:00,951
3/21/2024,2:00,975
3/21/2024,3:00,989
3/21/2024,4:00,1009
3/21/2024,5:00,1053
3/21/2024,6:00,1108
3/21/2024,7:00,1112
3/21/2024,8:00,1184
3/21/2024,9:00,1204
3/21/2024,10:00,1177
3/21/2024,11:00,1151
3/21/2024,12:00,1084
3/21/2024,13:00,1103
3/21/2024,14:00,1094
3/21/2024,15:00,1094
3/21/2024,16:00,1118
3/21/2024,17:00,1141
3/21/2024,18:00,1183
3/21/2024,19:00,1153
3/21/2024,20:00,1118
3/21/2024,21:00,1074
3/21/2024,22:00,1019
3/21/2024,23:00,989
3/22/2024,0:00,952
3/22/2024,1:00,965
3/22/2024,2:00,985
3/22/2024,3:00,999
3/22/2024,4:00,1016
3/22/2024,5:00,1051
3/22/2024,6:00,1078
3/22/2024,7:00,1072
3/22/2024,8:00,1126
3/22/2024,9:00,1152
3/22/2024,10:00,1115
3/22/2024,11:00,1090
3/22/2024,12:00,1025
3/22/2024,13:00,1042
3/22/2024,14:00,1032
3/22/2024,15:00,1020
3/22/2024,16:00,1041
3/22/2024,17:00,1049
3/22/2024,18:00,1089
3/22/2024,19:00,1074
3/22/2024,20:00,1039
3/22/2024,21:00,996
3/22/2024,22:00,949
3/22/2024,23:00,939
3/23/2024,0:00,911
3/23/2024,1:00,922
3/23/2024,2:00,946
3/23/2024,3:00,958
3/23/2024,4:00,967
3/23/2024,5:00,979
3/23/2024,6:00,969
3/23/2024,7:00,945
3/23/2024,8:00,979
3/23/2024,9:00,997
3/23/2024,10:00,977
3/23/2024,11:00,964
3/23/2024,12:00,946
3/23/2024,13:00,953
3/23/2024,14:00,944
3/23/2024,15:00,946
3/23/2024,16:00,960
3/23/2024,17:00,983
3/23/2024,18:00,1008
3/23/2024,19:00,991
3/23/2024,20:00,965
3/23/2024,21:00,919
3/23/2024,22:00,876
3/23/2024,23:00,861
3/24/2024,0:00,835
3/24/2024,1:00,849
3/24/2024,2:00,869
3/24/2024,3:00,885
3/24/2024,4:00,895
3/24/2024,5:00,907
3/24/2024,6:00,889
3/24/2024,7:00,849
3/24/2024,8:00,851
3/24/2024,9:00,843
3/24/2024,10:00,815
3/24/2024,11:00,789
3/24/2024,12:00,770
3/24/2024,13:00,753
3/24/2024,14:00,739
3/24/2024,15:00,733
3/24/2024,16:00,755
3/24/2024,17:00,815
3/24/2024,18:00,880
3/24/2024,19:00,873
3/24/2024,20:00,859
3/24/2024,21:00,821
3/24/2024,22:00,785
3/24/2024,23:00,778
3/25/2024,0:00,766
3/25/2024,1:00,784
3/25/2024,2:00,818
3/25/2024,3:00,847
3/25/2024,4:00,873
3/25/2024,5:00,907
3/25/2024,6:00,936
3/25/2024,7:00,948
3/25/2024,8:00,1017
3/25/2024,9:00,1034
3/25/2024,10:00,1002
3/25/2024,11:00,978
3/25/2024,12:00,925
3/25/2024,13:00,947
3/25/2024,14:00,943
3/25/2024,15:00,939
3/25/2024,16:00,956
3/25/2024,17:00,961
3/25/2024,18:00,977
3/25/2024,19:00,950
3/25/2024,20:00,921
3/25/2024,21:00,879
3/25/2024,22:00,830
3/25/2024,23:00,807
3/26/2024,0:00,793
3/26/2024,1:00,809
3/26/2024,2:00,838
3/26/2024,3:00,869
3/26/2024,4:00,888
3/26/2024,5:00,917
3/26/2024,6:00,924
3/26/2024,7:00,953
3/26/2024,8:00,1061
3/26/2024,9:00,1118
3/26/2024,10:00,1116
3/26/2024,11:00,1120
3/26/2024,12:00,1075
3/26/2024,13:00,1126
3/26/2024,14:00,1134
3/26/2024,15:00,1139
3/26/2024,16:00,1158
3/26/2024,17:00,1151
3/26/2024,18:00,1146
3/26/2024,19:00,1115
3/26/2024,20:00,1075
3/26/2024,21:00,1019
3/26/2024,22:00,952
3/26/2024,23:00,928
3/27/2024,0:00,899
3/27/2024,1:00,915
3/27/2024,2:00,942
3/27/2024,3:00,955
3/27/2024,4:00,963
3/27/2024,5:00,997
3/27/2024,6:00,1002
3/27/2024,7:00,984
3/27/2024,8:00,1032
3/27/2024,9:00,1055
3/27/2024,10:00,1036
3/27/2024,11:00,1026
3/27/2024,12:00,957
3/27/2024,13:00,970
3/27/2024,14:00,951
3/27/2024,15:00,938
3/27/2024,16:00,950
3/27/2024,17:00,964
3/27/2024,18:00,1014
3/27/2024,19:00,1005
3/27/2024,20:00,981
3/27/2024,21:00,941
3/27/2024,22:00,901
3/27/2024,23:00,893
3/28/2024,0:00,886
3/28/2024,1:00,901
3/28/2024,2:00,934
3/28/2024,3:00,954
3/28/2024,4:00,965
3/28/2024,5:00,1003
3/28/2024,6:00,1001
3/28/2024,7:00,971
3/28/2024,8:00,1019
3/28/2024,9:00,1030
3/28/2024,10:00,995
3/28/2024,11:00,974
3/28/2024,12:00,917
3/28/2024,13:00,939
3/28/2024,14:00,939
3/28/2024,15:00,937
3/28/2024,16:00,961
3/28/2024,17:00,969
3/28/2024,18:00,979
3/28/2024,19:00,952
3/28/2024,20:00,920
3/28/2024,21:00,869
3/28/2024,22:00,828
3/28/2024,23:00,801
3/29/2024,0:00,770
3/29/2024,1:00,783
3/29/2024,2:00,809
3/29/2024,3:00,828
3/29/2024,4:00,839
3/29/2024,5:00,859
3/29/2024,6:00,869
3/29/2024,7:00,891
3/29/2024,8:00,972
3/29/2024,9:00,1018
3/29/2024,10:00,1014
3/29/2024,11:00,1003
3/29/2024,12:00,943
3/29/2024,13:00,938
3/29/2024,14:00,909
3/29/2024,15:00,895
3/29/2024,16:00,898
3/29/2024,17:00,899
3/29/2024,18:00,911
3/29/2024,19:00,896
3/29/2024,20:00,870
3/29/2024,21:00,827
3/29/2024,22:00,788
3/29/2024,23:00,770
3/30/2024,0:00,744
3/30/2024,1:00,752
3/30/2024,2:00,774
3/30/2024,3:00,789
3/30/2024,4:00,796
3/30/2024,5:00,795
3/30/2024,6:00,770
3/30/2024,7:00,761
3/30/2024,8:00,791
3/30/2024,9:00,808
3/30/2024,10:00,800
3/30/2024,11:00,788
3/30/2024,12:00,756
3/30/2024,13:00,750
3/30/2024,14:00,737
3/30/2024,15:00,732
3/30/2024,16:00,749
3/30/2024,17:00,791
3/30/2024,18:00,833
3/30/2024,19:00,824
3/30/2024,20:00,801
3/30/2024,21:00,766
3/30/2024,22:00,742
3/30/2024,23:00,728
3/31/2024,0:00,702
3/31/2024,1:00,714
3/31/2024,2:00,736
3/31/2024,3:00,759
3/31/2024,4:00,775
3/31/2024,5:00,774
3/31/2024,6:00,743
3/31/2024,7:00,727
3/31/2024,8:00,738
3/31/2024,9:00,751
3/31/2024,10:00,741
3/31/2024,11:00,731
3/31/2024,12:00,726
3/31/2024,13:00,713
3/31/2024,14:00,705
3/31/2024,15:00,705
3/31/2024,16:00,728
3/31/2024,17:00,784
3/31/2024,18:00,836
3/31/2024,19:00,839
3/31/2024,20:00,818
3/31/2024,21:00,789
3/31/2024,22:00,744
3/31/2024,23:00,728
4/1/2024,0:00,707
4/1/2024,1:00,726
4/1/2024,2:00,760
4/1/2024,3:00,786
4/1/2024,4:00,811
4/1/2024,5:00,847
4/1/2024,6:00,860
4/1/2024,7:00,860
4/1/2024,8:00,919
4/1/2024,9:00,940
4/1/2024,10:00,930
4/1/2024,11:00,921
4/1/2024,12:00,870
4/1/2024,13:00,897
4/1/2024,14:00,891
4/1/2024,15:00,885
4/1/2024,16:00,908
4/1/2024,17:00,928
4/1/2024,18:00,961
4/1/2024,19:00,942
4/1/2024,20:00,913
4/1/2024,21:00,870
4/1/2024,22:00,831
4/1/2024,23:00,806
4/2/2024,0:00,776
4/2/2024,1:00,790
4/2/2024,2:00,816
4/2/2024,3:00,839
4/2/2024,4:00,868
4/2/2024,5:00,895
4/2/2024,6:00,889
4/2/2024,7:00,881
4/2/2024,8:00,942
4/2/2024,9:00,976
4/2/2024,10:00,961
4/2/2024,11:00,951
4/2/2024,12:00,895
4/2/2024,13:00,928
4/2/2024,14:00,923
4/2/2024,15:00,913
4/2/2024,16:00,927
4/2/2024,17:00,928
4/2/2024,18:00,964
4/2/2024,19:00,941
4/2/2024,20:00,915
4/2/2024,21:00,873
4/2/2024,22:00,830
4/2/2024,23:00,810
4/3/2024,0:00,782
4/3/2024,1:00,797
4/3/2024,2:00,825
4/3/2024,3:00,849
4/3/2024,4:00,868
4/3/2024,5:00,893
4/3/2024,6:00,892
4/3/2024,7:00,892
4/3/2024,8:00,959
4/3/2024,9:00,987
4/3/2024,10:00,974
4/3/2024,11:00,964
4/3/2024,12:00,908
4/3/2024,13:00,941
4/3/2024,14:00,942
4/3/2024,15:00,939
4/3/2024,16:00,949
4/3/2024,17:00,950
4/3/2024,18:00,964
4/3/2024,19:00,936
4/3/2024,20:00,900
4/3/2024,21:00,851
4/3/2024,22:00,805
4/3/2024,23:00,777
4/4/2024,0:00,748
4/4/2024,1:00,755
4/4/2024,2:00,784
4/4/2024,3:00,814
4/4/2024,4:00,830
4/4/2024,5:00,851
4/4/2024,6:00,844
4/4/2024,7:00,844
4/4/2024,8:00,910
4/4/2024,9:00,940
4/4/2024,10:00,928
4/4/2024,11:00,927
4/4/2024,12:00,876
4/4/2024,13:00,913
4/4/2024,14:00,917
4/4/2024,15:00,904
4/4/2024,16:00,913
4/4/2024,17:00,918
4/4/2024,18:00,947
4/4/2024,19:00,930
4/4/2024,20:00,898
4/4/2024,21:00,853
4/4/2024,22:00,810
4/4/2024,23:00,787
4/5/2024,0:00,764
4/5/2024,1:00,779
4/5/2024,2:00,807
4/5/2024,3:00,834
4/5/2024,4:00,859
4/5/2024,5:00,887
4/5/2024,6:00,881
4/5/2024,7:00,875
4/5/2024,8:00,931
4/5/2024,9:00,955
4/5/2024,10:00,939
4/5/2024,11:00,924
4/5/2024,12:00,872
4/5/2024,13:00,896
4/5/2024,14:00,889
4/5/2024,15:00,881
4/5/2024,16:00,883
4/5/2024,17:00,891
4/5/2024,18:00,930
4/5/2024,19:00,918
4/5/2024,20:00,892
4/5/2024,21:00,850
4/5/2024,22:00,811
4/5/2024,23:00,790
4/6/2024,0:00,766
4/6/2024,1:00,773
4/6/2024,2:00,794
4/6/2024,3:00,811
4/6/2024,4:00,828
4/6/2024,5:00,835
4/6/2024,6:00,804
4/6/2024,7:00,778
4/6/2024,8:00,795
4/6/2024,9:00,801
4/6/2024,10:00,789
4/6/2024,11:00,780
4/6/2024,12:00,763
4/6/2024,13:00,760
4/6/2024,14:00,753
4/6/2024,15:00,751
4/6/2024,16:00,761
4/6/2024,17:00,790
4/6/2024,18:00,826
4/6/2024,19:00,811
4/6/2024,20:00,784
4/6/2024,21:00,747
4/6/2024,22:00,716
4/6/2024,23:00,700
4/7/2024,0:00,675
4/7/2024,1:00,683
4/7/2024,2:00,708
4/7/2024,3:00,730
4/7/2024,4:00,740
4/7/2024,5:00,736
4/7/2024,6:00,702
4/7/2024,7:00,684
4/7/2024,8:00,686
4/7/2024,9:00,690
4/7/2024,10:00,686
4/7/2024,11:00,682
4/7/2024,12:00,677
4/7/2024,13:00,668
4/7/2024,14:00,657
4/7/2024,15:00,659
4/7/2024,16:00,681
4/7/2024,17:00,721
4/7/2024,18:00,772
4/7/2024,19:00,764
4/7/2024,20:00,737
4/7/2024,21:00,702
4/7/2024,22:00,671
4/7/2024,23:00,658
4/8/2024,0:00,638
4/8/2024,1:00,652
4/8/2024,2:00,682
4/8/2024,3:00,712
4/8/2024,4:00,733
4/8/2024,5:00,750
4/8/2024,6:00,743
4/8/2024,7:00,758
4/8/2024,8:00,830
4/8/2024,9:00,864
4/8/2024,10:00,867
4/8/2024,11:00,868
4/8/2024,12:00,820
4/8/2024,13:00,856
4/8/2024,14:00,858
4/8/2024,15:00,857
4/8/2024,16:00,859
4/8/2024,17:00,854
4/8/2024,18:00,871
4/8/2024,19:00,842
4/8/2024,20:00,807
4/8/2024,21:00,765
4/8/2024,22:00,734
4/8/2024,23:00,716
4/9/2024,0:00,693
4/9/2024,1:00,704
4/9/2024,2:00,727
4/9/2024,3:00,751
4/9/2024,4:00,764
4/9/2024,5:00,778
4/9/2024,6:00,790
4/9/2024,7:00,829
4/9/2024,8:00,919
4/9/2024,9:00,976
4/9/2024,10:00,981
4/9/2024,11:00,987
4/9/2024,12:00,939
4/9/2024,13:00,983
4/9/2024,14:00,981
4/9/2024,15:00,977
4/9/2024,16:00,989
4/9/2024,17:00,976
4/9/2024,18:00,991
4/9/2024,19:00,968
4/9/2024,20:00,933
4/9/2024,21:00,884
4/9/2024,22:00,841
4/9/2024,23:00,811
4/10/2024,0:00,785
4/10/2024,1:00,796
4/10/2024,2:00,825
4/10/2024,3:00,848
4/10/2024,4:00,866
4/10/2024,5:00,893
4/10/2024,6:00,878
4/10/2024,7:00,859
4/10/2024,8:00,918
4/10/2024,9:00,944
4/10/2024,10:00,931
4/10/2024,11:00,917
4/10/2024,12:00,860
4/10/2024,13:00,889
4/10/2024,14:00,885
4/10/2024,15:00,870
4/10/2024,16:00,875
4/10/2024,17:00,875
4/10/2024,18:00,919
4/10/2024,19:00,914
4/10/2024,20:00,892
4/10/2024,21:00,851
4/10/2024,22:00,808
4/10/2024,23:00,785
4/11/2024,0:00,762
4/11/2024,1:00,771
4/11/2024,2:00,798
4/11/2024,3:00,821
4/11/2024,4:00,841
4/11/2024,5:00,868
4/11/2024,6:00,864
4/11/2024,7:00,847
4/11/2024,8:00,897
4/11/2024,9:00,923
4/11/2024,10:00,907
4/11/2024,11:00,899
4/11/2024,12:00,846
4/11/2024,13:00,878
4/11/2024,14:00,880
4/11/2024,15:00,868
4/11/2024,16:00,875
4/11/2024,17:00,875
4/11/2024,18:00,907
4/11/2024,19:00,893
4/11/2024,20:00,860
4/11/2024,21:00,814
4/11/2024,22:00,773
4/11/2024,23:00,739
4/12/2024,0:00,709
4/12/2024,1:00,716
4/12/2024,2:00,740
4/12/2024,3:00,765
4/12/2024,4:00,785
4/12/2024,5:00,804
4/12/2024,6:00,800
4/12/2024,7:00,805
4/12/2024,8:00,865
4/12/2024,9:00,898
4/12/2024,10:00,890
4/12/2024,11:00,885
4/12/2024,12:00,838
4/12/2024,13:00,870
4/12/2024,14:00,867
4/12/2024,15:00,851
4/12/2024,16:00,855
4/12/2024,17:00,843
4/12/2024,18:00,868
4/12/2024,19:00,851
4/12/2024,20:00,821
4/12/2024,21:00,781
4/12/2024,22:00,749
4/12/2024,23:00,728
4/13/2024,0:00,699
4/13/2024,1:00,701
4/13/2024,2:00,726
4/13/2024,3:00,750
4/13/2024,4:00,759
4/13/2024,5:00,751
4/13/2024,6:00,717
4/13/2024,7:00,699
4/13/2024,8:00,719
4/13/2024,9:00,732
4/13/2024,10:00,730
4/13/2024,11:00,730
4/13/2024,12:00,720
4/13/2024,13:00,712
4/13/2024,14:00,705
4/13/2024,15:00,697
4/13/2024,16:00,704
4/13/2024,17:00,725
4/13/2024,18:00,763
4/13/2024,19:00,757
4/13/2024,20:00,735
4/13/2024,21:00,700
4/13/2024,22:00,678
4/13/2024,23:00,660
4/14/2024,0:00,633
4/14/2024,1:00,641
4/14/2024,2:00,668
4/14/2024,3:00,692
4/14/2024,4:00,708
4/14/2024,5:00,697
4/14/2024,6:00,664
4/14/2024,7:00,648
4/14/2024,8:00,659
4/14/2024,9:00,672
4/14/2024,10:00,672
4/14/2024,11:00,675
4/14/2024,12:00,673
4/14/2024,13:00,666
4/14/2024,14:00,662
4/14/2024,15:00,660
4/14/2024,16:00,675
4/14/2024,17:00,701
4/14/2024,18:00,743
4/14/2024,19:00,739
4/14/2024,20:00,715
4/14/2024,21:00,680
4/14/2024,22:00,649
4/14/2024,23:00,634
4/15/2024,0:00,616
4/15/2024,1:00,624
4/15/2024,2:00,657
4/15/2024,3:00,687
4/15/2024,4:00,713
4/15/2024,5:00,717
4/15/2024,6:00,712
4/15/2024,7:00,726
4/15/2024,8:00,803
4/15/2024,9:00,857
4/15/2024,10:00,867
4/15/2024,11:00,872
4/15/2024,12:00,830
4/15/2024,13:00,872
4/15/2024,14:00,875
4/15/2024,15:00,859
4/15/2024,16:00,855
4/15/2024,17:00,833
4/15/2024,18:00,853
4/15/2024,19:00,829
4/15/2024,20:00,794
4/15/2024,21:00,754
4/15/2024,22:00,720
4/15/2024,23:00,698
4/16/2024,0:00,670
4/16/2024,1:00,674
4/16/2024,2:00,699
4/16/2024,3:00,723
4/16/2024,4:00,735
4/16/2024,5:00,734
4/16/2024,6:00,729
4/16/2024,7:00,747
4/16/2024,8:00,827
4/16/2024,9:00,878
4/16/2024,10:00,877
4/16/2024,11:00,880
4/16/2024,12:00,830
4/16/2024,13:00,871
4/16/2024,14:00,875
4/16/2024,15:00,861
4/16/2024,16:00,864
4/16/2024,17:00,845
4/16/2024,18:00,858
4/16/2024,19:00,832
4/16/2024,20:00,800
4/16/2024,21:00,757
4/16/2024,22:00,723
4/16/2024,23:00,701
4/17/2024,0:00,673
4/17/2024,1:00,674
4/17/2024,2:00,700
4/17/2024,3:00,721
4/17/2024,4:00,736
4/17/2024,5:00,734
4/17/2024,6:00,736
4/17/2024,7:00,763
4/17/2024,8:00,842
4/17/2024,9:00,883
4/17/2024,10:00,880
4/17/2024,11:00,880
4/17/2024,12:00,831
4/17/2024,13:00,865
4/17/2024,14:00,866
4/17/2024,15:00,856
4/17/2024,16:00,856
4/17/2024,17:00,837
4/17/2024,18:00,854
4/17/2024,19:00,836
4/17/2024,20:00,803
4/17/2024,21:00,758
4/17/2024,22:00,720
4/17/2024,23:00,699
4/18/2024,0:00,670
4/18/2024,1:00,673
4/18/2024,2:00,699
4/18/2024,3:00,726
4/18/2024,4:00,740
4/18/2024,5:00,741
4/18/2024,6:00,736
4/18/2024,7:00,748
4/18/2024,8:00,822
4/18/2024,9:00,864
4/18/2024,10:00,869
4/18/2024,11:00,867
4/18/2024,12:00,821
4/18/2024,13:00,861
4/18/2024,14:00,864
4/18/2024,15:00,855
4/18/2024,16:00,854
4/18/2024,17:00,840
4/18/2024,18:00,862
4/18/2024,19:00,839
4/18/2024,20:00,803
4/18/2024,21:00,764
4/18/2024,22:00,726
4/18/2024,23:00,703
4/19/2024,0:00,674
4/19/2024,1:00,675
4/19/2024,2:00,698
4/19/2024,3:00,723
4/19/2024,4:00,742
4/19/2024,5:00,750
4/19/2024,6:00,751
4/19/2024,7:00,766
4/19/2024,8:00,844
4/19/2024,9:00,893
4/19/2024,10:00,891
4/19/2024,11:00,891
4/19/2024,12:00,848
4/19/2024,13:00,880
4/19/2024,14:00,880
4/19/2024,15:00,871
4/19/2024,16:00,871
4/19/2024,17:00,856
4/19/2024,18:00,873
4/19/2024,19:00,859
4/19/2024,20:00,821
4/19/2024,21:00,781
4/19/2024,22:00,750
4/19/2024,23:00,724
4/20/2024,0:00,692
4/20/2024,1:00,692
4/20/2024,2:00,712
4/20/2024,3:00,732
4/20/2024,4:00,741
4/20/2024,5:00,729
4/20/2024,6:00,710
4/20/2024,7:00,711
4/20/2024,8:00,737
4/20/2024,9:00,753
4/20/2024,10:00,751
4/20/2024,11:00,752
4/20/2024,12:00,730
4/20/2024,13:00,727
4/20/2024,14:00,717
4/20/2024,15:00,714
4/20/2024,16:00,721
4/20/2024,17:00,746
4/20/2024,18:00,779
4/20/2024,19:00,771
4/20/2024,20:00,746
4/20/2024,21:00,709
4/20/2024,22:00,681
4/20/2024,23:00,664
4/21/2024,0:00,639
4/21/2024,1:00,639
4/21/2024,2:00,668
4/21/2024,3:00,695
4/21/2024,4:00,710
4/21/2024,5:00,696
4/21/2024,6:00,669
4/21/2024,7:00,661
4/21/2024,8:00,673
4/21/2024,9:00,684
4/21/2024,10:00,686
4/21/2024,11:00,687
4/21/2024,12:00,691
4/21/2024,13:00,680
4/21/2024,14:00,676
4/21/2024,15:00,675
4/21/2024,16:00,689
4/21/2024,17:00,720
4/21/2024,18:00,767
4/21/2024,19:00,764
4/21/2024,20:00,739
4/21/2024,21:00,706
4/21/2024,22:00,673
4/21/2024,23:00,651
4/22/2024,0:00,630
4/22/2024,1:00,640
4/22/2024,2:00,669
4/22/2024,3:00,696
4/22/2024,4:00,723
4/22/2024,5:00,737
4/22/2024,6:00,732
4/22/2024,7:00,750
4/22/2024,8:00,823
4/22/2024,9:00,864
4/22/2024,10:00,867
4/22/2024,11:00,870
4/22/2024,12:00,826
4/22/2024,13:00,862
4/22/2024,14:00,862
4/22/2024,15:00,849
4/22/2024,16:00,849
4/22/2024,17:00,834
4/22/2024,18:00,860
4/22/2024,19:00,844
4/22/2024,20:00,808
4/22/2024,21:00,767
4/22/2024,22:00,732
4/22/2024,23:00,707
4/23/2024,0:00,676
4/23/2024,1:00,679
4/23/2024,2:00,703
4/23/2024,3:00,727
4/23/2024,4:00,745
4/23/2024,5:00,751
4/23/2024,6:00,752
4/23/2024,7:00,781
4/23/2024,8:00,860
4/23/2024,9:00,903
4/23/2024,10:00,905
4/23/2024,11:00,906
4/23/2024,12:00,863
4/23/2024,13:00,899
4/23/2024,14:00,900
4/23/2024,15:00,893
4/23/2024,16:00,890
4/23/2024,17:00,870
4/23/2024,18:00,885
4/23/2024,19:00,866
4/23/2024,20:00,829
4/23/2024,21:00,784
4/23/2024,22:00,743
4/23/2024,23:00,721
4/24/2024,0:00,691
4/24/2024,1:00,692
4/24/2024,2:00,715
4/24/2024,3:00,737
4/24/2024,4:00,748
4/24/2024,5:00,752
4/24/2024,6:00,760
4/24/2024,7:00,789
4/24/2024,8:00,873
4/24/2024,9:00,917
4/24/2024,10:00,921
4/24/2024,11:00,920
4/24/2024,12:00,871
4/24/2024,13:00,913
4/24/2024,14:00,912
4/24/2024,15:00,908
4/24/2024,16:00,910
4/24/2024,17:00,895
4/24/2024,18:00,905
4/24/2024,19:00,882
4/24/2024,20:00,844
4/24/2024,21:00,795
4/24/2024,22:00,753
4/24/2024,23:00,725
4/25/2024,0:00,689
4/25/2024,1:00,684
4/25/2024,2:00,706
4/25/2024,3:00,728
4/25/2024,4:00,744
4/25/2024,5:00,744
4/25/2024,6:00,741
4/25/2024,7:00,758
4/25/2024,8:00,839
4/25/2024,9:00,891
4/25/2024,10:00,897
4/25/2024,11:00,899
4/25/2024,12:00,850
4/25/2024,13:00,886
4/25/2024,14:00,887
4/25/2024,15:00,874
4/25/2024,16:00,871
4/25/2024,17:00,859
4/25/2024,18:00,872
4/25/2024,19:00,851
4/25/2024,20:00,819
4/25/2024,21:00,779
4/25/2024,22:00,745
4/25/2024,23:00,719
4/26/2024,0:00,688
4/26/2024,1:00,683
4/26/2024,2:00,706
4/26/2024,3:00,726
4/26/2024,4:00,738
4/26/2024,5:00,737
4/26/2024,6:00,728
4/26/2024,7:00,742
4/26/2024,8:00,819
4/26/2024,9:00,863
4/26/2024,10:00,865
4/26/2024,11:00,869
4/26/2024,12:00,828
4/26/2024,13:00,863
4/26/2024,14:00,864
4/26/2024,15:00,853
4/26/2024,16:00,845
4/26/2024,17:00,813
4/26/2024,18:00,826
4/26/2024,19:00,808
4/26/2024,20:00,773
4/26/2024,21:00,727
4/26/2024,22:00,695
4/26/2024,23:00,674
4/27/2024,0:00,651
4/27/2024,1:00,645
4/27/2024,2:00,662
4/27/2024,3:00,683
4/27/2024,4:00,695
4/27/2024,5:00,678
4/27/2024,6:00,663
4/27/2024,7:00,668
4/27/2024,8:00,696
4/27/2024,9:00,718
4/27/2024,10:00,724
4/27/2024,11:00,730
4/27/2024,12:00,726
4/27/2024,13:00,727
4/27/2024,14:00,720
4/27/2024,15:00,711
4/27/2024,16:00,714
4/27/2024,17:00,717
4/27/2024,18:00,742
4/27/2024,19:00,734
4/27/2024,20:00,703
4/27/2024,21:00,666
4/27/2024,22:00,640
4/27/2024,23:00,622
4/28/2024,0:00,601
4/28/2024,1:00,600
4/28/2024,2:00,624
4/28/2024,3:00,645
4/28/2024,4:00,655
4/28/2024,5:00,639
4/28/2024,6:00,614
4/28/2024,7:00,619
4/28/2024,8:00,638
4/28/2024,9:00,663
4/28/2024,10:00,671
4/28/2024,11:00,684
4/28/2024,12:00,685
4/28/2024,13:00,676
4/28/2024,14:00,673
4/28/2024,15:00,672
4/28/2024,16:00,686
4/28/2024,17:00,692
4/28/2024,18:00,721
4/28/2024,19:00,716
4/28/2024,20:00,693
4/28/2024,21:00,661
4/28/2024,22:00,630
4/28/2024,23:00,611
4/29/2024,0:00,589
4/29/2024,1:00,592
4/29/2024,2:00,615
4/29/2024,3:00,641
4/29/2024,4:00,651
4/29/2024,5:00,634
4/29/2024,6:00,616
4/29/2024,7:00,629
4/29/2024,8:00,667
4/29/2024,9:00,694
4/29/2024,10:00,704
4/29/2024,11:00,714
4/29/2024,12:00,711
4/29/2024,13:00,713
4/29/2024,14:00,713
4/29/2024,15:00,708
4/29/2024,16:00,713
4/29/2024,17:00,726
4/29/2024,18:00,756
4/29/2024,19:00,743
4/29/2024,20:00,711
4/29/2024,21:00,675
4/29/2024,22:00,641
4/29/2024,23:00,623
4/30/2024,0:00,598
4/30/2024,1:00,599
4/30/2024,2:00,619
4/30/2024,3:00,646
4/30/2024,4:00,662
4/30/2024,5:00,660
4/30/2024,6:00,667
4/30/2024,7:00,690
4/30/2024,8:00,760
4/30/2024,9:00,799
4/30/2024,10:00,808
4/30/2024,11:00,807
4/30/2024,12:00,778
4/30/2024,13:00,808
4/30/2024,14:00,810
4/30/2024,15:00,803
4/30/2024,16:00,809
4/30/2024,17:00,802
4/30/2024,18:00,810
4/30/2024,19:00,789
4/30/2024,20:00,748
4/30/2024,21:00,703
4/30/2024,22:00,666
4/30/2024,23:00,643
5/1/2024,0:00,619
5/1/2024,1:00,617
5/1/2024,2:00,636
5/1/2024,3:00,660
5/1/2024,4:00,674
5/1/2024,5:00,674
5/1/2024,6:00,679
5/1/2024,7:00,699
5/1/2024,8:00,767
5/1/2024,9:00,803
5/1/2024,10:00,806
5/1/2024,11:00,806
5/1/2024,12:00,776
5/1/2024,13:00,797
5/1/2024,14:00,796
5/1/2024,15:00,786
5/1/2024,16:00,790
5/1/2024,17:00,778
5/1/2024,18:00,801
5/1/2024,19:00,790
5/1/2024,20:00,756
5/1/2024,21:00,711
5/1/2024,22:00,666
5/1/2024,23:00,642
5/2/2024,0:00,613
5/2/2024,1:00,613
5/2/2024,2:00,639
5/2/2024,3:00,669
5/2/2024,4:00,692
5/2/2024,5:00,688
5/2/2024,6:00,681
5/2/2024,7:00,679
5/2/2024,8:00,734
5/2/2024,9:00,768
5/2/2024,10:00,767
5/2/2024,11:00,766
5/2/2024,12:00,737
5/2/2024,13:00,757
5/2/2024,14:00,756
5/2/2024,15:00,745
5/2/2024,16:00,744
5/2/2024,17:00,739
5/2/2024,18:00,756
5/2/2024,19:00,755
5/2/2024,20:00,725
5/2/2024,21:00,686
5/2/2024,22:00,644
5/2/2024,23:00,621
5/3/2024,0:00,592
5/3/2024,1:00,591
5/3/2024,2:00,615
5/3/2024,3:00,645
5/3/2024,4:00,660
5/3/2024,5:00,646
5/3/2024,6:00,619
5/3/2024,7:00,618
5/3/2024,8:00,638
5/3/2024,9:00,654
5/3/2024,10:00,654
5/3/2024,11:00,657
5/3/2024,12:00,656
5/3/2024,13:00,647
5/3/2024,14:00,647
5/3/2024,15:00,646
5/3/2024,16:00,656
5/3/2024,17:00,672
5/3/2024,18:00,697
5/3/2024,19:00,698
5/3/2024,20:00,674
5/3/2024,21:00,640
5/3/2024,22:00,606
5/3/2024,23:00,589
5/4/2024,0:00,566
5/4/2024,1:00,568
5/4/2024,2:00,592
5/4/2024,3:00,621
5/4/2024,4:00,637
5/4/2024,5:00,626
5/4/2024,6:00,595
5/4/2024,7:00,596
5/4/2024,8:00,615
5/4/2024,9:00,630
5/4/2024,10:00,639
5/4/2024,11:00,643
5/4/2024,12:00,647
5/4/2024,13:00,647
5/4/2024,14:00,642
5/4/2024,15:00,642
5/4/2024,16:00,650
5/4/2024,17:00,664
5/4/2024,18:00,695
5/4/2024,19:00,694
5/4/2024,20:00,670
5/4/2024,21:00,636
5/4/2024,22:00,603
5/4/2024,23:00,585
5/5/2024,0:00,563
5/5/2024,1:00,561
5/5/2024,2:00,585
5/5/2024,3:00,615
5/5/2024,4:00,629
5/5/2024,5:00,614
5/5/2024,6:00,591
5/5/2024,7:00,601
5/5/2024,8:00,619
5/5/2024,9:00,645
5/5/2024,10:00,658
5/5/2024,11:00,666
5/5/2024,12:00,673
5/5/2024,13:00,669
5/5/2024,14:00,664
5/5/2024,15:00,667
5/5/2024,16:00,679
5/5/2024,17:00,694
5/5/2024,18:00,722
5/5/2024,19:00,716
5/5/2024,20:00,690
5/5/2024,21:00,653
5/5/2024,22:00,619
5/5/2024,23:00,602
5/6/2024,0:00,578
5/6/2024,1:00,575
5/6/2024,2:00,598
5/6/2024,3:00,622
5/6/2024,4:00,633
5/6/2024,5:00,620
5/6/2024,6:00,609
5/6/2024,7:00,625
5/6/2024,8:00,665
5/6/2024,9:00,697
5/6/2024,10:00,706
5/6/2024,11:00,717
5/6/2024,12:00,701
5/6/2024,13:00,710
5/6/2024,14:00,708
5/6/2024,15:00,710
5/6/2024,16:00,721
5/6/2024,17:00,737
5/6/2024,18:00,762
5/6/2024,19:00,749
5/6/2024,20:00,725
5/6/2024,21:00,689
5/6/2024,22:00,657
5/6/2024,23:00,640
5/7/2024,0:00,618
5/7/2024,1:00,619
5/7/2024,2:00,639
5/7/2024,3:00,663
5/7/2024,4:00,678
5/7/2024,5:00,684
5/7/2024,6:00,692
5/7/2024,7:00,728
5/7/2024,8:00,811
5/7/2024,9:00,871
5/7/2024,10:00,879
5/7/2024,11:00,884
5/7/2024,12:00,837
5/7/2024,13:00,881
5/7/2024,14:00,885
5/7/2024,15:00,882
5/7/2024,16:00,879
5/7/2024,17:00,855
5/7/2024,18:00,849
5/7/2024,19:00,825
5/7/2024,20:00,788
5/7/2024,21:00,749
5/7/2024,22:00,720
5/7/2024,23:00,697
5/8/2024,0:00,669
5/8/2024,1:00,669
5/8/2024,2:00,691
5/8/2024,3:00,720
5/8/2024,4:00,737
5/8/2024,5:00,743
5/8/2024,6:00,735
5/8/2024,7:00,764
5/8/2024,8:00,845
5/8/2024,9:00,890
5/8/2024,10:00,894
5/8/2024,11:00,901
5/8/2024,12:00,851
5/8/2024,13:00,893
5/8/2024,14:00,885
5/8/2024,15:00,883
5/8/2024,16:00,884
5/8/2024,17:00,866
5/8/2024,18:00,876
5/8/2024,19:00,863
5/8/2024,20:00,830
5/8/2024,21:00,787
5/8/2024,22:00,749
5/8/2024,23:00,722
5/9/2024,0:00,683
5/9/2024,1:00,682
5/9/2024,2:00,707
5/9/2024,3:00,739
5/9/2024,4:00,756
5/9/2024,5:00,762
5/9/2024,6:00,775
5/9/2024,7:00,805
5/9/2024,8:00,885
5/9/2024,9:00,918
5/9/2024,10:00,914
5/9/2024,11:00,909
5/9/2024,12:00,857
5/9/2024,13:00,884
5/9/2024,14:00,880
5/9/2024,15:00,871
5/9/2024,16:00,863
5/9/2024,17:00,850
5/9/2024,18:00,875
5/9/2024,19:00,871
5/9/2024,20:00,846
5/9/2024,21:00,804
5/9/2024,22:00,765
5/9/2024,23:00,742
5/10/2024,0:00,699
5/10/2024,1:00,697
5/10/2024,2:00,722
5/10/2024,3:00,754
5/10/2024,4:00,776
5/10/2024,5:00,781
5/10/2024,6:00,776
5/10/2024,7:00,782
5/10/2024,8:00,857
5/10/2024,9:00,903
5/10/2024,10:00,903
5/10/2024,11:00,901
5/10/2024,12:00,856
5/10/2024,13:00,895
5/10/2024,14:00,889
5/10/2024,15:00,877
5/10/2024,16:00,865
5/10/2024,17:00,832
5/10/2024,18:00,844
5/10/2024,19:00,833
5/10/2024,20:00,798
5/10/2024,21:00,758
5/10/2024,22:00,726
5/10/2024,23:00,707
5/11/2024,0:00,678
5/11/2024,1:00,672
5/11/2024,2:00,693
5/11/2024,3:00,717
5/11/2024,4:00,725
5/11/2024,5:00,711
5/11/2024,6:00,687
5/11/2024,7:00,692
5/11/2024,8:00,722
5/11/2024,9:00,750
5/11/2024,10:00,763
5/11/2024,11:00,770
5/11/2024,12:00,758
5/11/2024,13:00,764
5/11/2024,14:00,760
5/11/2024,15:00,753
5/11/2024,16:00,754
5/11/2024,17:00,747
5/11/2024,18:00,765
5/11/2024,19:00,760
5/11/2024,20:00,730
5/11/2024,21:00,696
5/11/2024,22:00,666
5/11/2024,23:00,649
5/12/2024,0:00,627
5/12/2024,1:00,623
5/12/2024,2:00,646
5/12/2024,3:00,673
5/12/2024,4:00,680
5/12/2024,5:00,662
5/12/2024,6:00,639
5/12/2024,7:00,651
5/12/2024,8:00,672
5/12/2024,9:00,696
5/12/2024,10:00,711
5/12/2024,11:00,718
5/12/2024,12:00,709
5/12/2024,13:00,710
5/12/2024,14:00,708
5/12/2024,15:00,713
5/12/2024,16:00,723
5/12/2024,17:00,740
5/12/2024,18:00,765
5/12/2024,19:00,754
5/12/2024,20:00,730
5/12/2024,21:00,698
5/12/2024,22:00,665
5/12/2024,23:00,647
5/13/2024,0:00,625
5/13/2024,1:00,629
5/13/2024,2:00,648
5/13/2024,3:00,678
5/13/2024,4:00,696
5/13/2024,5:00,700
5/13/2024,6:00,714
5/13/2024,7:00,764
5/13/2024,8:00,855
5/13/2024,9:00,909
5/13/2024,10:00,910
5/13/2024,11:00,917
5/13/2024,12:00,865
5/13/2024,13:00,909
5/13/2024,14:00,914
5/13/2024,15:00,904
5/13/2024,16:00,904
5/13/2024,17:00,881
5/13/2024,18:00,875
5/13/2024,19:00,861
5/13/2024,20:00,819
5/13/2024,21:00,773
5/13/2024,22:00,740
5/13/2024,23:00,716
5/14/2024,0:00,684
5/14/2024,1:00,689
5/14/2024,2:00,707
5/14/2024,3:00,738
5/14/2024,4:00,757
5/14/2024,5:00,755
5/14/2024,6:00,739
5/14/2024,7:00,753
5/14/2024,8:00,831
5/14/2024,9:00,882
5/14/2024,10:00,886
5/14/2024,11:00,894
5/14/2024,12:00,848
5/14/2024,13:00,889
5/14/2024,14:00,885
5/14/2024,15:00,871
5/14/2024,16:00,874
5/14/2024,17:00,846
5/14/2024,18:00,851
5/14/2024,19:00,844
5/14/2024,20:00,814
5/14/2024,21:00,772
5/14/2024,22:00,747
5/14/2024,23:00,715
5/15/2024,0:00,728
5/15/2024,1:00,722
5/15/2024,2:00,746
5/15/2024,3:00,762
5/15/2024,4:00,775
5/15/2024,5:00,775
5/15/2024,6:00,758
5/15/2024,7:00,763
5/15/2024,8:00,824
5/15/2024,9:00,883
5/15/2024,10:00,915
5/15/2024,11:00,933
5/15/2024,12:00,899
5/15/2024,13:00,927
5/15/2024,14:00,911
5/15/2024,15:00,891
5/15/2024,16:00,898
5/15/2024,17:00,883
5/15/2024,18:00,891
5/15/2024,19:00,875
5/15/2024,20:00,843
5/15/2024,21:00,802
5/15/2024,22:00,768
5/15/2024,23:00,754
